sample_timestamp,sample_batch_id,direction,origin_label,destination_label,day_of_week,date,hour,minute,timezone,duration_traffic_min,duration_static_min,delay_min,delay_ratio,distance_km,route_description
2026-07-02T15:35:05,2026-07-02T15:35,Southbound,Toowong Village,Greenmount Beach,Thursday,2026-07-02,15,35,Australia/Brisbane,133.7,88.1,45.6,0.517,119.52,
2026-07-02T15:35:05,2026-07-02T15:35,Northbound,Greenmount Beach,Toowong Village,Thursday,2026-07-02,15,35,Australia/Brisbane,112.3,83.8,28.6,0.341,120.72,
2026-07-02T15:45:03,2026-07-02T15:45,Southbound,Toowong Village,Greenmount Beach,Thursday,2026-07-02,15,45,Australia/Brisbane,129.6,88.1,41.4,0.47,119.52,
2026-07-02T15:45:04,2026-07-02T15:45,Northbound,Greenmount Beach,Toowong Village,Thursday,2026-07-02,15,45,Australia/Brisbane,124.8,79.8,45.0,0.564,108.66,
2026-07-02T16:15:02,20260702T161502-2ccfb722,Southbound,Toowong Village,Greenmount Beach,Thursday,2026-07-02,16,15,Australia/Brisbane,131.8,92.5,39.4,0.426,120.91,M1
2026-07-02T16:15:02,20260702T161502-2ccfb722,Northbound,Greenmount Beach,Toowong Village,Thursday,2026-07-02,16,15,Australia/Brisbane,122.8,79.8,42.9,0.538,108.66,M1
2026-07-02T16:30:02,20260702T163002-fa6801ba,Southbound,Toowong Village,Greenmount Beach,Thursday,2026-07-02,16,30,Australia/Brisbane,124.2,89.4,34.8,0.389,120.58,M1
2026-07-02T16:30:02,20260702T163002-fa6801ba,Northbound,Greenmount Beach,Toowong Village,Thursday,2026-07-02,16,30,Australia/Brisbane,116.0,79.8,36.2,0.453,108.66,M1
2026-07-02T16:45:02,20260702T164502-23bb4f4a,Southbound,Toowong Village,Greenmount Beach,Thursday,2026-07-02,16,45,Australia/Brisbane,121.0,85.1,35.9,0.422,118.72,M1
2026-07-02T16:45:02,20260702T164502-23bb4f4a,Northbound,Greenmount Beach,Toowong Village,Thursday,2026-07-02,16,45,Australia/Brisbane,109.3,79.7,29.6,0.372,108.76,M1
2026-07-02T17:00:02,20260702T170002-c41f2e91,Southbound,Toowong Village,Greenmount Beach,Thursday,2026-07-02,17,0,Australia/Brisbane,115.8,85.2,30.6,0.359,119.05,M1
2026-07-02T17:00:02,20260702T170002-c41f2e91,Northbound,Greenmount Beach,Toowong Village,Thursday,2026-07-02,17,0,Australia/Brisbane,102.5,79.8,22.6,0.284,108.69,M1
2026-07-02T17:15:02,20260702T171502-857fd053,Southbound,Toowong Village,Greenmount Beach,Thursday,2026-07-02,17,15,Australia/Brisbane,110.3,88.6,21.7,0.245,120.12,M1
2026-07-02T17:15:02,20260702T171502-857fd053,Northbound,Greenmount Beach,Toowong Village,Thursday,2026-07-02,17,15,Australia/Brisbane,94.8,80.0,14.8,0.185,108.66,M1
2026-07-02T17:30:02,20260702T173002-33988d4d,Southbound,Toowong Village,Greenmount Beach,Thursday,2026-07-02,17,30,Australia/Brisbane,105.2,88.1,17.0,0.193,119.52,M1
2026-07-02T17:30:02,20260702T173002-33988d4d,Northbound,Greenmount Beach,Toowong Village,Thursday,2026-07-02,17,30,Australia/Brisbane,91.2,80.0,11.2,0.14,108.68,M1
2026-07-02T17:45:02,20260702T174502-6f9c5cf7,Southbound,Toowong Village,Greenmount Beach,Thursday,2026-07-02,17,45,Australia/Brisbane,101.9,85.7,16.2,0.189,119.65,M1
2026-07-02T17:45:02,20260702T174502-6f9c5cf7,Northbound,Greenmount Beach,Toowong Village,Thursday,2026-07-02,17,45,Australia/Brisbane,86.3,79.7,6.7,0.083,108.76,M1
2026-07-02T18:41:02,20260702T184102-24b3c1bb,Southbound,Toowong Village,Greenmount Beach,Thursday,2026-07-02,18,41,Australia/Brisbane,84.9,83.1,1.8,0.022,120.46,M1
2026-07-02T18:41:02,20260702T184102-24b3c1bb,Northbound,Greenmount Beach,Toowong Village,Thursday,2026-07-02,18,41,Australia/Brisbane,77.5,79.7,-2.2,-0.028,108.76,M1
2026-07-02T18:45:02,20260702T184502-6e072ec2,Southbound,Toowong Village,Greenmount Beach,Thursday,2026-07-02,18,45,Australia/Brisbane,83.6,83.1,0.5,0.006,120.46,M1
2026-07-02T18:45:02,20260702T184502-6e072ec2,Northbound,Greenmount Beach,Toowong Village,Thursday,2026-07-02,18,45,Australia/Brisbane,77.0,79.7,-2.7,-0.034,108.76,M1
2026-07-02T19:00:02+10:00,20260702T190002-3e23cf4f,Southbound,Toowong Village,Greenmount Beach,Thursday,2026-07-02,19,0,Australia/Brisbane,82.9,83.1,-0.2,-0.002,120.46,M1
2026-07-02T19:00:02+10:00,20260702T190002-3e23cf4f,Northbound,Greenmount Beach,Toowong Village,Thursday,2026-07-02,19,0,Australia/Brisbane,76.9,79.7,-2.7,-0.034,108.76,M1
2026-07-02T19:15:02+10:00,20260702T191502-ad1202ba,Southbound,Toowong Village,Greenmount Beach,Thursday,2026-07-02,19,15,Australia/Brisbane,82.4,83.1,-0.7,-0.008,120.46,M1
2026-07-02T19:15:02+10:00,20260702T191502-ad1202ba,Northbound,Greenmount Beach,Toowong Village,Thursday,2026-07-02,19,15,Australia/Brisbane,77.0,79.7,-2.6,-0.033,108.76,M1
2026-07-02T19:30:02+10:00,20260702T193002-96ce5e26,Southbound,Toowong Village,Greenmount Beach,Thursday,2026-07-02,19,30,Australia/Brisbane,79.0,80.8,-1.9,-0.023,109.11,M1
2026-07-02T19:30:02+10:00,20260702T193002-96ce5e26,Northbound,Greenmount Beach,Toowong Village,Thursday,2026-07-02,19,30,Australia/Brisbane,77.2,79.7,-2.5,-0.031,108.76,M1
2026-07-02T19:45:02+10:00,20260702T194502-5e94f930,Southbound,Toowong Village,Greenmount Beach,Thursday,2026-07-02,19,45,Australia/Brisbane,79.3,80.8,-1.5,-0.019,109.11,M1
2026-07-02T19:45:02+10:00,20260702T194502-5e94f930,Northbound,Greenmount Beach,Toowong Village,Thursday,2026-07-02,19,45,Australia/Brisbane,76.9,79.7,-2.8,-0.035,108.76,M1
2026-07-02T20:00:02+10:00,20260702T200002-3fd4ab04,Southbound,Toowong Village,Greenmount Beach,Thursday,2026-07-02,20,0,Australia/Brisbane,79.5,80.8,-1.2,-0.015,109.11,M1
2026-07-02T20:00:02+10:00,20260702T200002-3fd4ab04,Northbound,Greenmount Beach,Toowong Village,Thursday,2026-07-02,20,0,Australia/Brisbane,76.9,79.7,-2.8,-0.035,108.76,M1
2026-07-02T20:15:02+10:00,20260702T201502-73da6d3b,Southbound,Toowong Village,Greenmount Beach,Thursday,2026-07-02,20,15,Australia/Brisbane,80.0,80.8,-0.8,-0.01,109.11,M1
2026-07-02T20:15:02+10:00,20260702T201502-73da6d3b,Northbound,Greenmount Beach,Toowong Village,Thursday,2026-07-02,20,15,Australia/Brisbane,77.2,79.7,-2.5,-0.031,108.76,M1
2026-07-02T20:18:48+10:00,20260702T201848-39a6e091,Southbound,Toowong Village,Greenmount Beach,Thursday,2026-07-02,20,18,Australia/Brisbane,80.5,80.8,-0.2,-0.003,109.11,M1
2026-07-02T20:18:48+10:00,20260702T201848-39a6e091,Northbound,Greenmount Beach,Toowong Village,Thursday,2026-07-02,20,18,Australia/Brisbane,77.4,79.7,-2.2,-0.028,108.76,M1
2026-07-03T06:20:04+10:00,20260703T062004-81613625,Southbound,Toowong Village,Greenmount Beach,Friday,2026-07-03,6,20,Australia/Brisbane,84.0,80.8,3.1,0.039,109.11,M1
2026-07-03T06:20:04+10:00,20260703T062004-81613625,Northbound,Greenmount Beach,Toowong Village,Friday,2026-07-03,6,20,Australia/Brisbane,98.1,83.6,14.5,0.173,120.82,M1
2026-07-03T07:45:03+10:00,20260703T074503-119e820a,Southbound,Toowong Village,Greenmount Beach,Friday,2026-07-03,7,45,Australia/Brisbane,89.3,80.8,8.5,0.105,109.11,M1
2026-07-03T07:45:03+10:00,20260703T074503-119e820a,Northbound,Greenmount Beach,Toowong Village,Friday,2026-07-03,7,45,Australia/Brisbane,84.8,79.7,5.1,0.064,108.76,M1
2026-07-03T08:49:26+10:00,20260703T084926-3523dfaf,Southbound,Toowong Village,Greenmount Beach,Friday,2026-07-03,8,49,Australia/Brisbane,85.6,80.8,4.8,0.059,109.11,M1
2026-07-03T08:49:26+10:00,20260703T084926-3523dfaf,Northbound,Greenmount Beach,Toowong Village,Friday,2026-07-03,8,49,Australia/Brisbane,82.4,79.7,2.7,0.034,108.76,M1
2026-07-03T10:07:37+10:00,20260703T100737-4fa8cd4c,Southbound,Toowong Village,Greenmount Beach,Friday,2026-07-03,10,7,Australia/Brisbane,90.2,80.8,9.4,0.116,109.11,M1
2026-07-03T10:07:37+10:00,20260703T100737-4fa8cd4c,Northbound,Greenmount Beach,Toowong Village,Friday,2026-07-03,10,7,Australia/Brisbane,86.6,79.7,7.0,0.087,108.76,M1
2026-07-03T14:09:36+10:00,20260703T140936-53fee58f,Southbound,Toowong Village,Greenmount Beach,Friday,2026-07-03,14,9,Australia/Brisbane,161.3,88.8,72.5,0.817,120.12,M1
2026-07-03T14:09:36+10:00,20260703T140936-53fee58f,Northbound,Greenmount Beach,Toowong Village,Friday,2026-07-03,14,9,Australia/Brisbane,97.2,83.9,13.3,0.159,120.89,M1
2026-07-03T17:37:07+10:00,20260703T173707-a821e27f,Southbound,Toowong Village,Greenmount Beach,Friday,2026-07-03,17,37,Australia/Brisbane,106.8,88.0,18.9,0.214,119.57,M1
2026-07-03T17:37:07+10:00,20260703T173707-a821e27f,Northbound,Greenmount Beach,Toowong Village,Friday,2026-07-03,17,37,Australia/Brisbane,93.0,79.7,13.3,0.167,108.76,M1
2026-07-03T20:18:44+10:00,20260703T201844-5d135ff9,Southbound,Toowong Village,Greenmount Beach,Friday,2026-07-03,20,18,Australia/Brisbane,78.3,80.8,-2.5,-0.031,109.11,M1
2026-07-03T20:18:44+10:00,20260703T201844-5d135ff9,Northbound,Greenmount Beach,Toowong Village,Friday,2026-07-03,20,18,Australia/Brisbane,76.9,79.7,-2.8,-0.035,108.76,M1
2026-07-04T06:15:28+10:00,20260704T061528-22468442,Southbound,Toowong Village,Greenmount Beach,Saturday,2026-07-04,6,15,Australia/Brisbane,75.5,80.8,-5.3,-0.065,109.11,M1
2026-07-04T06:15:28+10:00,20260704T061528-22468442,Northbound,Greenmount Beach,Toowong Village,Saturday,2026-07-04,6,15,Australia/Brisbane,74.5,79.7,-5.2,-0.065,108.76,M1
2026-07-04T07:40:29+10:00,20260704T074029-787e745f,Southbound,Toowong Village,Greenmount Beach,Saturday,2026-07-04,7,40,Australia/Brisbane,78.5,80.8,-2.3,-0.029,109.11,M1
2026-07-04T07:40:29+10:00,20260704T074029-787e745f,Northbound,Greenmount Beach,Toowong Village,Saturday,2026-07-04,7,40,Australia/Brisbane,76.5,79.7,-3.1,-0.039,108.76,M1
2026-07-04T08:43:05+10:00,20260704T084305-837cbad6,Southbound,Toowong Village,Greenmount Beach,Saturday,2026-07-04,8,43,Australia/Brisbane,84.0,80.8,3.2,0.04,109.11,M1
2026-07-04T08:43:05+10:00,20260704T084305-837cbad6,Northbound,Greenmount Beach,Toowong Village,Saturday,2026-07-04,8,43,Australia/Brisbane,79.5,79.7,-0.1,-0.002,108.76,M1
2026-07-04T09:46:28+10:00,20260704T094628-32f00f38,Southbound,Toowong Village,Greenmount Beach,Saturday,2026-07-04,9,46,Australia/Brisbane,98.2,80.8,17.4,0.215,109.11,M1
2026-07-04T09:46:28+10:00,20260704T094628-32f00f38,Northbound,Greenmount Beach,Toowong Village,Saturday,2026-07-04,9,46,Australia/Brisbane,85.8,79.7,6.2,0.078,108.76,M1
2026-07-04T13:19:20+10:00,20260704T131920-c4335b73,Southbound,Toowong Village,Greenmount Beach,Saturday,2026-07-04,13,19,Australia/Brisbane,103.7,80.8,22.9,0.283,109.11,M1
2026-07-04T13:19:20+10:00,20260704T131920-c4335b73,Northbound,Greenmount Beach,Toowong Village,Saturday,2026-07-04,13,19,Australia/Brisbane,88.7,79.7,9.0,0.113,108.76,M1
2026-07-04T16:34:51+10:00,20260704T163451-f2ddb819,Southbound,Toowong Village,Greenmount Beach,Saturday,2026-07-04,16,34,Australia/Brisbane,80.7,80.8,-0.1,-0.002,109.11,M1
2026-07-04T16:34:51+10:00,20260704T163451-f2ddb819,Northbound,Greenmount Beach,Toowong Village,Saturday,2026-07-04,16,34,Australia/Brisbane,86.6,83.6,3.0,0.035,120.82,M1
2026-07-04T19:08:56+10:00,20260704T190856-e4957596,Southbound,Toowong Village,Greenmount Beach,Saturday,2026-07-04,19,8,Australia/Brisbane,78.6,80.8,-2.2,-0.027,109.11,M1
2026-07-04T19:08:56+10:00,20260704T190856-e4957596,Northbound,Greenmount Beach,Toowong Village,Saturday,2026-07-04,19,8,Australia/Brisbane,77.7,79.7,-2.0,-0.025,108.76,M1
2026-07-05T06:09:51+10:00,20260705T060951-6604a595,Southbound,Toowong Village,Greenmount Beach,Sunday,2026-07-05,6,9,Australia/Brisbane,74.7,80.8,-6.1,-0.075,109.11,M1
2026-07-05T06:09:51+10:00,20260705T060951-6604a595,Northbound,Greenmount Beach,Toowong Village,Sunday,2026-07-05,6,9,Australia/Brisbane,73.0,79.7,-6.6,-0.083,108.76,M1
2026-07-05T07:13:54+10:00,20260705T071354-797b4081,Southbound,Toowong Village,Greenmount Beach,Sunday,2026-07-05,7,13,Australia/Brisbane,75.9,80.8,-4.9,-0.061,109.11,M1
2026-07-05T07:13:54+10:00,20260705T071354-797b4081,Northbound,Greenmount Beach,Toowong Village,Sunday,2026-07-05,7,13,Australia/Brisbane,74.3,79.7,-5.3,-0.067,108.76,M1
2026-07-05T08:14:00+10:00,20260705T081400-c00a3f6d,Southbound,Toowong Village,Greenmount Beach,Sunday,2026-07-05,8,14,Australia/Brisbane,78.5,80.8,-2.4,-0.029,109.11,M1
2026-07-05T08:14:00+10:00,20260705T081400-c00a3f6d,Northbound,Greenmount Beach,Toowong Village,Sunday,2026-07-05,8,14,Australia/Brisbane,76.4,79.7,-3.3,-0.041,108.76,M1
2026-07-05T09:16:22+10:00,20260705T091622-8abff045,Southbound,Toowong Village,Greenmount Beach,Sunday,2026-07-05,9,16,Australia/Brisbane,80.5,80.8,-0.3,-0.004,109.11,M1
2026-07-05T09:16:22+10:00,20260705T091622-8abff045,Northbound,Greenmount Beach,Toowong Village,Sunday,2026-07-05,9,16,Australia/Brisbane,79.0,79.7,-0.7,-0.009,108.76,M1
2026-07-05T11:15:23+10:00,20260705T111523-b08b432b,Southbound,Toowong Village,Greenmount Beach,Sunday,2026-07-05,11,15,Australia/Brisbane,84.4,80.8,3.6,0.044,109.11,M1
2026-07-05T11:15:23+10:00,20260705T111523-b08b432b,Northbound,Greenmount Beach,Toowong Village,Sunday,2026-07-05,11,15,Australia/Brisbane,87.5,80.5,7.0,0.087,108.83,M1
2026-07-05T15:39:00+10:00,20260705T153900-ca61e243,Southbound,Toowong Village,Greenmount Beach,Sunday,2026-07-05,15,39,Australia/Brisbane,78.9,80.8,-1.9,-0.024,109.11,M1
2026-07-05T15:39:00+10:00,20260705T153900-ca61e243,Northbound,Greenmount Beach,Toowong Village,Sunday,2026-07-05,15,39,Australia/Brisbane,106.0,79.7,26.4,0.331,108.76,M1
2026-07-05T18:31:20+10:00,20260705T183120-122bfc10,Southbound,Toowong Village,Greenmount Beach,Sunday,2026-07-05,18,31,Australia/Brisbane,78.4,80.8,-2.4,-0.03,109.11,M1
2026-07-05T18:31:20+10:00,20260705T183120-122bfc10,Northbound,Greenmount Beach,Toowong Village,Sunday,2026-07-05,18,31,Australia/Brisbane,79.9,79.7,0.2,0.003,108.76,M1
2026-07-05T20:52:10+10:00,20260705T205210-dfefb09b,Southbound,Toowong Village,Greenmount Beach,Sunday,2026-07-05,20,52,Australia/Brisbane,79.4,80.8,-1.4,-0.017,109.11,M1
2026-07-05T20:52:10+10:00,20260705T205210-dfefb09b,Northbound,Greenmount Beach,Toowong Village,Sunday,2026-07-05,20,52,Australia/Brisbane,79.1,79.7,-0.6,-0.007,108.76,M1
2026-07-06T06:15:32+10:00,20260706T061532-f831d50d,Southbound,Toowong Village,Greenmount Beach,Monday,2026-07-06,6,15,Australia/Brisbane,88.3,80.8,7.5,0.093,109.11,M1
2026-07-06T06:15:32+10:00,20260706T061532-f831d50d,Northbound,Greenmount Beach,Toowong Village,Monday,2026-07-06,6,15,Australia/Brisbane,120.8,83.6,37.1,0.444,120.82,M1
2026-07-06T07:34:46+10:00,20260706T073446-849d3ec6,Southbound,Toowong Village,Greenmount Beach,Monday,2026-07-06,7,34,Australia/Brisbane,94.6,80.8,13.7,0.17,108.9,M1
2026-07-06T07:34:46+10:00,20260706T073446-849d3ec6,Northbound,Greenmount Beach,Toowong Village,Monday,2026-07-06,7,34,Australia/Brisbane,90.6,83.6,7.0,0.084,120.82,M1
2026-07-06T08:40:42+10:00,20260706T084042-ff030f17,Southbound,Toowong Village,Greenmount Beach,Monday,2026-07-06,8,40,Australia/Brisbane,84.0,80.8,3.2,0.039,109.11,M1
2026-07-06T08:40:42+10:00,20260706T084042-ff030f17,Northbound,Greenmount Beach,Toowong Village,Monday,2026-07-06,8,40,Australia/Brisbane,82.5,79.7,2.9,0.036,108.76,M1
2026-07-06T09:45:33+10:00,20260706T094533-fff0d8ff,Southbound,Toowong Village,Greenmount Beach,Monday,2026-07-06,9,45,Australia/Brisbane,82.6,80.8,1.8,0.022,109.11,M1
2026-07-06T09:45:33+10:00,20260706T094533-fff0d8ff,Northbound,Greenmount Beach,Toowong Village,Monday,2026-07-06,9,45,Australia/Brisbane,82.5,79.7,2.8,0.036,108.76,M1
2026-07-06T13:42:23+10:00,20260706T134223-77f403f5,Southbound,Toowong Village,Greenmount Beach,Monday,2026-07-06,13,42,Australia/Brisbane,84.2,80.8,3.4,0.042,109.11,M1
2026-07-06T13:42:23+10:00,20260706T134223-77f403f5,Northbound,Greenmount Beach,Toowong Village,Monday,2026-07-06,13,42,Australia/Brisbane,85.0,79.7,5.3,0.067,108.76,M1
2026-07-06T18:06:40+10:00,20260706T180640-e6886f58,Southbound,Toowong Village,Greenmount Beach,Monday,2026-07-06,18,6,Australia/Brisbane,81.9,80.8,1.0,0.013,108.9,M1
2026-07-06T18:06:40+10:00,20260706T180640-e6886f58,Northbound,Greenmount Beach,Toowong Village,Monday,2026-07-06,18,6,Australia/Brisbane,78.7,79.7,-1.0,-0.012,108.76,M1
2026-07-02T20:18:48+10:00,20260702T201848-39a6e091,Southbound,Toowong Village,Greenmount Beach,Thursday,2026-07-02,20,18,Australia/Brisbane,80.5,80.8,-0.2,-0.003,109.11,M1
2026-07-02T20:18:48+10:00,20260702T201848-39a6e091,Northbound,Greenmount Beach,Toowong Village,Thursday,2026-07-02,20,18,Australia/Brisbane,77.4,79.7,-2.2,-0.028,108.76,M1
2026-07-03T06:20:04+10:00,20260703T062004-81613625,Southbound,Toowong Village,Greenmount Beach,Friday,2026-07-03,6,20,Australia/Brisbane,84.0,80.8,3.1,0.039,109.11,M1
2026-07-03T06:20:04+10:00,20260703T062004-81613625,Northbound,Greenmount Beach,Toowong Village,Friday,2026-07-03,6,20,Australia/Brisbane,98.1,83.6,14.5,0.173,120.82,M1
2026-07-03T07:45:03+10:00,20260703T074503-119e820a,Southbound,Toowong Village,Greenmount Beach,Friday,2026-07-03,7,45,Australia/Brisbane,89.3,80.8,8.5,0.105,109.11,M1
2026-07-03T07:45:03+10:00,20260703T074503-119e820a,Northbound,Greenmount Beach,Toowong Village,Friday,2026-07-03,7,45,Australia/Brisbane,84.8,79.7,5.1,0.064,108.76,M1
2026-07-03T08:49:26+10:00,20260703T084926-3523dfaf,Southbound,Toowong Village,Greenmount Beach,Friday,2026-07-03,8,49,Australia/Brisbane,85.6,80.8,4.8,0.059,109.11,M1
2026-07-03T08:49:26+10:00,20260703T084926-3523dfaf,Northbound,Greenmount Beach,Toowong Village,Friday,2026-07-03,8,49,Australia/Brisbane,82.4,79.7,2.7,0.034,108.76,M1
2026-07-03T10:07:37+10:00,20260703T100737-4fa8cd4c,Southbound,Toowong Village,Greenmount Beach,Friday,2026-07-03,10,7,Australia/Brisbane,90.2,80.8,9.4,0.116,109.11,M1
2026-07-03T10:07:37+10:00,20260703T100737-4fa8cd4c,Northbound,Greenmount Beach,Toowong Village,Friday,2026-07-03,10,7,Australia/Brisbane,86.6,79.7,7.0,0.087,108.76,M1
2026-07-03T14:09:36+10:00,20260703T140936-53fee58f,Southbound,Toowong Village,Greenmount Beach,Friday,2026-07-03,14,9,Australia/Brisbane,161.3,88.8,72.5,0.817,120.12,M1
2026-07-03T14:09:36+10:00,20260703T140936-53fee58f,Northbound,Greenmount Beach,Toowong Village,Friday,2026-07-03,14,9,Australia/Brisbane,97.2,83.9,13.3,0.159,120.89,M1
2026-07-03T17:37:07+10:00,20260703T173707-a821e27f,Southbound,Toowong Village,Greenmount Beach,Friday,2026-07-03,17,37,Australia/Brisbane,106.8,88.0,18.9,0.214,119.57,M1
2026-07-03T17:37:07+10:00,20260703T173707-a821e27f,Northbound,Greenmount Beach,Toowong Village,Friday,2026-07-03,17,37,Australia/Brisbane,93.0,79.7,13.3,0.167,108.76,M1
2026-07-03T20:18:44+10:00,20260703T201844-5d135ff9,Southbound,Toowong Village,Greenmount Beach,Friday,2026-07-03,20,18,Australia/Brisbane,78.3,80.8,-2.5,-0.031,109.11,M1
2026-07-03T20:18:44+10:00,20260703T201844-5d135ff9,Northbound,Greenmount Beach,Toowong Village,Friday,2026-07-03,20,18,Australia/Brisbane,76.9,79.7,-2.8,-0.035,108.76,M1
2026-07-04T06:15:28+10:00,20260704T061528-22468442,Southbound,Toowong Village,Greenmount Beach,Saturday,2026-07-04,6,15,Australia/Brisbane,75.5,80.8,-5.3,-0.065,109.11,M1
2026-07-04T06:15:28+10:00,20260704T061528-22468442,Northbound,Greenmount Beach,Toowong Village,Saturday,2026-07-04,6,15,Australia/Brisbane,74.5,79.7,-5.2,-0.065,108.76,M1
2026-07-04T07:40:29+10:00,20260704T074029-787e745f,Southbound,Toowong Village,Greenmount Beach,Saturday,2026-07-04,7,40,Australia/Brisbane,78.5,80.8,-2.3,-0.029,109.11,M1
2026-07-04T07:40:29+10:00,20260704T074029-787e745f,Northbound,Greenmount Beach,Toowong Village,Saturday,2026-07-04,7,40,Australia/Brisbane,76.5,79.7,-3.1,-0.039,108.76,M1
2026-07-04T08:43:05+10:00,20260704T084305-837cbad6,Southbound,Toowong Village,Greenmount Beach,Saturday,2026-07-04,8,43,Australia/Brisbane,84.0,80.8,3.2,0.04,109.11,M1
2026-07-04T08:43:05+10:00,20260704T084305-837cbad6,Northbound,Greenmount Beach,Toowong Village,Saturday,2026-07-04,8,43,Australia/Brisbane,79.5,79.7,-0.1,-0.002,108.76,M1
2026-07-04T09:46:28+10:00,20260704T094628-32f00f38,Southbound,Toowong Village,Greenmount Beach,Saturday,2026-07-04,9,46,Australia/Brisbane,98.2,80.8,17.4,0.215,109.11,M1
2026-07-04T09:46:28+10:00,20260704T094628-32f00f38,Northbound,Greenmount Beach,Toowong Village,Saturday,2026-07-04,9,46,Australia/Brisbane,85.8,79.7,6.2,0.078,108.76,M1
2026-07-04T13:19:20+10:00,20260704T131920-c4335b73,Southbound,Toowong Village,Greenmount Beach,Saturday,2026-07-04,13,19,Australia/Brisbane,103.7,80.8,22.9,0.283,109.11,M1
2026-07-04T13:19:20+10:00,20260704T131920-c4335b73,Northbound,Greenmount Beach,Toowong Village,Saturday,2026-07-04,13,19,Australia/Brisbane,88.7,79.7,9.0,0.113,108.76,M1
2026-07-04T16:34:51+10:00,20260704T163451-f2ddb819,Southbound,Toowong Village,Greenmount Beach,Saturday,2026-07-04,16,34,Australia/Brisbane,80.7,80.8,-0.1,-0.002,109.11,M1
2026-07-04T16:34:51+10:00,20260704T163451-f2ddb819,Northbound,Greenmount Beach,Toowong Village,Saturday,2026-07-04,16,34,Australia/Brisbane,86.6,83.6,3.0,0.035,120.82,M1
2026-07-04T19:08:56+10:00,20260704T190856-e4957596,Southbound,Toowong Village,Greenmount Beach,Saturday,2026-07-04,19,8,Australia/Brisbane,78.6,80.8,-2.2,-0.027,109.11,M1
2026-07-04T19:08:56+10:00,20260704T190856-e4957596,Northbound,Greenmount Beach,Toowong Village,Saturday,2026-07-04,19,8,Australia/Brisbane,77.7,79.7,-2.0,-0.025,108.76,M1
2026-07-05T06:09:51+10:00,20260705T060951-6604a595,Southbound,Toowong Village,Greenmount Beach,Sunday,2026-07-05,6,9,Australia/Brisbane,74.7,80.8,-6.1,-0.075,109.11,M1
2026-07-05T06:09:51+10:00,20260705T060951-6604a595,Northbound,Greenmount Beach,Toowong Village,Sunday,2026-07-05,6,9,Australia/Brisbane,73.0,79.7,-6.6,-0.083,108.76,M1
2026-07-05T07:13:54+10:00,20260705T071354-797b4081,Southbound,Toowong Village,Greenmount Beach,Sunday,2026-07-05,7,13,Australia/Brisbane,75.9,80.8,-4.9,-0.061,109.11,M1
2026-07-05T07:13:54+10:00,20260705T071354-797b4081,Northbound,Greenmount Beach,Toowong Village,Sunday,2026-07-05,7,13,Australia/Brisbane,74.3,79.7,-5.3,-0.067,108.76,M1
2026-07-05T08:14:00+10:00,20260705T081400-c00a3f6d,Southbound,Toowong Village,Greenmount Beach,Sunday,2026-07-05,8,14,Australia/Brisbane,78.5,80.8,-2.4,-0.029,109.11,M1
2026-07-05T08:14:00+10:00,20260705T081400-c00a3f6d,Northbound,Greenmount Beach,Toowong Village,Sunday,2026-07-05,8,14,Australia/Brisbane,76.4,79.7,-3.3,-0.041,108.76,M1
2026-07-05T09:16:22+10:00,20260705T091622-8abff045,Southbound,Toowong Village,Greenmount Beach,Sunday,2026-07-05,9,16,Australia/Brisbane,80.5,80.8,-0.3,-0.004,109.11,M1
2026-07-05T09:16:22+10:00,20260705T091622-8abff045,Northbound,Greenmount Beach,Toowong Village,Sunday,2026-07-05,9,16,Australia/Brisbane,79.0,79.7,-0.7,-0.009,108.76,M1
2026-07-05T11:15:23+10:00,20260705T111523-b08b432b,Southbound,Toowong Village,Greenmount Beach,Sunday,2026-07-05,11,15,Australia/Brisbane,84.4,80.8,3.6,0.044,109.11,M1
2026-07-05T11:15:23+10:00,20260705T111523-b08b432b,Northbound,Greenmount Beach,Toowong Village,Sunday,2026-07-05,11,15,Australia/Brisbane,87.5,80.5,7.0,0.087,108.83,M1
2026-07-07T06:53:10+10:00,20260707T065310-de39c925,Southbound,Toowong Village,Greenmount Beach,Tuesday,2026-07-07,6,53,Australia/Brisbane,102.7,80.8,21.9,0.271,109.11,M1
2026-07-07T06:53:10+10:00,20260707T065310-de39c925,Northbound,Greenmount Beach,Toowong Village,Tuesday,2026-07-07,6,53,Australia/Brisbane,125.3,79.7,45.6,0.573,108.76,M1
2026-07-07T08:14:41+10:00,20260707T081441-f81d80c6,Southbound,Toowong Village,Greenmount Beach,Tuesday,2026-07-07,8,14,Australia/Brisbane,89.9,83.1,6.8,0.082,120.46,M1
2026-07-07T08:14:41+10:00,20260707T081441-f81d80c6,Northbound,Greenmount Beach,Toowong Village,Tuesday,2026-07-07,8,14,Australia/Brisbane,102.3,79.7,22.7,0.285,108.76,M1
2026-07-07T09:33:14+10:00,20260707T093314-eba34d30,Southbound,Toowong Village,Greenmount Beach,Tuesday,2026-07-07,9,33,Australia/Brisbane,84.8,80.8,4.0,0.05,109.11,M1
2026-07-07T09:33:14+10:00,20260707T093314-eba34d30,Northbound,Greenmount Beach,Toowong Village,Tuesday,2026-07-07,9,33,Australia/Brisbane,86.9,79.7,7.2,0.091,108.76,M1
2026-07-07T11:24:34+10:00,20260707T112434-131b4731,Southbound,Toowong Village,Greenmount Beach,Tuesday,2026-07-07,11,24,Australia/Brisbane,85.5,80.8,4.6,0.057,108.9,M1
2026-07-07T11:24:34+10:00,20260707T112434-131b4731,Northbound,Greenmount Beach,Toowong Village,Tuesday,2026-07-07,11,24,Australia/Brisbane,83.9,79.7,4.2,0.053,108.76,M1
2026-07-07T15:39:39+10:00,20260707T153939-2a87c49b,Southbound,Toowong Village,Greenmount Beach,Tuesday,2026-07-07,15,39,Australia/Brisbane,123.2,96.3,26.8,0.278,115.06,M1
2026-07-07T15:39:39+10:00,20260707T153939-2a87c49b,Northbound,Greenmount Beach,Toowong Village,Tuesday,2026-07-07,15,39,Australia/Brisbane,128.1,79.8,48.2,0.604,108.66,M1
2026-07-07T18:55:31+10:00,20260707T185531-4916009b,Southbound,Toowong Village,Greenmount Beach,Tuesday,2026-07-07,18,55,Australia/Brisbane,78.5,80.8,-2.3,-0.028,109.11,M1
2026-07-07T18:55:31+10:00,20260707T185531-4916009b,Northbound,Greenmount Beach,Toowong Village,Tuesday,2026-07-07,18,55,Australia/Brisbane,77.6,79.7,-2.1,-0.026,108.76,M1
2026-07-08T06:50:11+10:00,20260708T065011-00c46b79,Southbound,Toowong Village,Greenmount Beach,Wednesday,2026-07-08,6,50,Australia/Brisbane,105.8,80.8,25.0,0.309,109.11,M1
2026-07-08T06:50:11+10:00,20260708T065011-00c46b79,Northbound,Greenmount Beach,Toowong Village,Wednesday,2026-07-08,6,50,Australia/Brisbane,114.5,83.6,30.9,0.37,120.82,M1
2026-07-08T08:11:41+10:00,20260708T081141-a3b47538,Southbound,Toowong Village,Greenmount Beach,Wednesday,2026-07-08,8,11,Australia/Brisbane,95.5,83.1,12.4,0.149,120.46,M1
2026-07-08T08:11:41+10:00,20260708T081141-a3b47538,Northbound,Greenmount Beach,Toowong Village,Wednesday,2026-07-08,8,11,Australia/Brisbane,87.5,83.6,3.9,0.047,120.82,M1
2026-07-08T09:15:18+10:00,20260708T091518-9aced089,Southbound,Toowong Village,Greenmount Beach,Wednesday,2026-07-08,9,15,Australia/Brisbane,86.9,80.8,6.1,0.076,109.11,M1
2026-07-08T09:15:18+10:00,20260708T091518-9aced089,Northbound,Greenmount Beach,Toowong Village,Wednesday,2026-07-08,9,15,Australia/Brisbane,83.0,79.7,3.3,0.042,108.76,M1
2026-07-08T11:00:26+10:00,20260708T110026-9adf7770,Southbound,Toowong Village,Greenmount Beach,Wednesday,2026-07-08,11,0,Australia/Brisbane,85.3,80.8,4.5,0.055,109.11,M1
2026-07-08T11:00:26+10:00,20260708T110026-9adf7770,Northbound,Greenmount Beach,Toowong Village,Wednesday,2026-07-08,11,0,Australia/Brisbane,86.8,79.7,7.1,0.089,108.76,M1
2026-07-08T14:32:58+10:00,20260708T143258-c45c099f,Southbound,Toowong Village,Greenmount Beach,Wednesday,2026-07-08,14,32,Australia/Brisbane,132.4,84.7,47.7,0.564,109.9,M1
2026-07-08T14:32:58+10:00,20260708T143258-c45c099f,Northbound,Greenmount Beach,Toowong Village,Wednesday,2026-07-08,14,32,Australia/Brisbane,105.3,79.7,25.6,0.321,108.76,M1
2026-07-08T17:15:59+10:00,20260708T171559-0ce4640a,Southbound,Toowong Village,Greenmount Beach,Wednesday,2026-07-08,17,15,Australia/Brisbane,103.7,89.4,14.3,0.16,120.58,M1
2026-07-08T17:15:59+10:00,20260708T171559-0ce4640a,Northbound,Greenmount Beach,Toowong Village,Wednesday,2026-07-08,17,15,Australia/Brisbane,103.2,79.8,23.4,0.293,108.66,M1
2026-07-08T19:55:30+10:00,20260708T195530-e97f6f2f,Southbound,Toowong Village,Greenmount Beach,Wednesday,2026-07-08,19,55,Australia/Brisbane,78.8,80.8,-2.0,-0.025,109.11,M1
2026-07-08T19:55:30+10:00,20260708T195530-e97f6f2f,Northbound,Greenmount Beach,Toowong Village,Wednesday,2026-07-08,19,55,Australia/Brisbane,76.9,79.7,-2.7,-0.034,108.76,M1
2026-07-09T06:22:05+10:00,20260709T062205-4781750e,Southbound,Toowong Village,Greenmount Beach,Thursday,2026-07-09,6,22,Australia/Brisbane,86.6,80.8,5.8,0.072,109.11,M1
2026-07-09T06:22:05+10:00,20260709T062205-4781750e,Northbound,Greenmount Beach,Toowong Village,Thursday,2026-07-09,6,22,Australia/Brisbane,117.7,79.7,38.1,0.478,108.76,M1
2026-07-09T07:42:01+10:00,20260709T074201-d3008754,Southbound,Toowong Village,Greenmount Beach,Thursday,2026-07-09,7,42,Australia/Brisbane,97.1,80.8,16.3,0.201,109.11,M1
2026-07-09T07:42:01+10:00,20260709T074201-d3008754,Northbound,Greenmount Beach,Toowong Village,Thursday,2026-07-09,7,42,Australia/Brisbane,92.5,83.6,8.9,0.107,120.82,M1
2026-07-09T08:44:58+10:00,20260709T084458-caffe68c,Southbound,Toowong Village,Greenmount Beach,Thursday,2026-07-09,8,44,Australia/Brisbane,89.0,80.8,8.2,0.102,109.11,M1
2026-07-09T08:44:58+10:00,20260709T084458-caffe68c,Northbound,Greenmount Beach,Toowong Village,Thursday,2026-07-09,8,44,Australia/Brisbane,86.5,79.7,6.8,0.086,108.76,M1
2026-07-09T09:52:24+10:00,20260709T095224-47f7abcc,Southbound,Toowong Village,Greenmount Beach,Thursday,2026-07-09,9,52,Australia/Brisbane,88.5,80.8,7.7,0.095,109.11,M1
2026-07-09T09:52:24+10:00,20260709T095224-47f7abcc,Northbound,Greenmount Beach,Toowong Village,Thursday,2026-07-09,9,52,Australia/Brisbane,85.5,79.7,5.8,0.073,108.76,M1
2026-07-09T13:27:28+10:00,20260709T132728-4502602b,Southbound,Toowong Village,Greenmount Beach,Thursday,2026-07-09,13,27,Australia/Brisbane,103.1,83.1,20.1,0.241,120.46,M1
2026-07-09T13:27:28+10:00,20260709T132728-4502602b,Northbound,Greenmount Beach,Toowong Village,Thursday,2026-07-09,13,27,Australia/Brisbane,88.7,79.7,9.0,0.113,108.76,M1
2026-07-09T17:03:01+10:00,20260709T170301-b5186130,Southbound,Toowong Village,Greenmount Beach,Thursday,2026-07-09,17,3,Australia/Brisbane,123.9,85.2,38.7,0.454,119.05,M1
2026-07-09T17:03:01+10:00,20260709T170301-b5186130,Northbound,Greenmount Beach,Toowong Village,Thursday,2026-07-09,17,3,Australia/Brisbane,101.8,80.0,21.8,0.273,108.65,M1
2026-07-09T20:32:25+10:00,20260709T203225-bf0d0e22,Southbound,Toowong Village,Greenmount Beach,Thursday,2026-07-09,20,32,Australia/Brisbane,82.0,80.8,1.1,0.014,109.11,M1
2026-07-09T20:32:25+10:00,20260709T203225-bf0d0e22,Northbound,Greenmount Beach,Toowong Village,Thursday,2026-07-09,20,32,Australia/Brisbane,78.2,79.7,-1.5,-0.019,108.76,M1
2026-07-10T06:47:35+10:00,20260710T064735-e14f0d4b,Southbound,Toowong Village,Greenmount Beach,Friday,2026-07-10,6,47,Australia/Brisbane,88.2,80.8,7.4,0.092,109.11,M1
2026-07-10T06:47:35+10:00,20260710T064735-e14f0d4b,Northbound,Greenmount Beach,Toowong Village,Friday,2026-07-10,6,47,Australia/Brisbane,90.9,79.7,11.2,0.141,108.76,M1
2026-07-10T08:23:28+10:00,20260710T082328-d563861f,Southbound,Toowong Village,Greenmount Beach,Friday,2026-07-10,8,23,Australia/Brisbane,84.0,80.8,3.1,0.039,109.11,M1
2026-07-10T08:23:28+10:00,20260710T082328-d563861f,Northbound,Greenmount Beach,Toowong Village,Friday,2026-07-10,8,23,Australia/Brisbane,82.0,79.7,2.3,0.029,108.76,M1
2026-07-10T09:46:17+10:00,20260710T094617-88a69a8f,Southbound,Toowong Village,Greenmount Beach,Friday,2026-07-10,9,46,Australia/Brisbane,84.1,80.8,3.3,0.041,109.11,M1
2026-07-10T09:46:17+10:00,20260710T094617-88a69a8f,Northbound,Greenmount Beach,Toowong Village,Friday,2026-07-10,9,46,Australia/Brisbane,85.0,79.7,5.3,0.067,108.76,M1
2026-07-10T13:30:03+10:00,20260710T133003-9e720b09,Southbound,Toowong Village,Greenmount Beach,Friday,2026-07-10,13,30,Australia/Brisbane,129.7,86.0,43.8,0.509,110.65,M1
2026-07-10T13:30:03+10:00,20260710T133003-9e720b09,Northbound,Greenmount Beach,Toowong Village,Friday,2026-07-10,13,30,Australia/Brisbane,90.8,84.2,6.7,0.079,111.01,M1
2026-07-10T17:02:32+10:00,20260710T170232-9c241555,Southbound,Toowong Village,Greenmount Beach,Friday,2026-07-10,17,2,Australia/Brisbane,110.9,85.2,25.7,0.301,119.05,M1
2026-07-10T17:02:32+10:00,20260710T170232-9c241555,Northbound,Greenmount Beach,Toowong Village,Friday,2026-07-10,17,2,Australia/Brisbane,103.2,79.7,23.5,0.295,108.76,M1
2026-07-10T20:30:02+10:00,20260710T203002-5fbe6fd3,Southbound,Toowong Village,Greenmount Beach,Friday,2026-07-10,20,30,Australia/Brisbane,78.8,80.8,-2.0,-0.024,109.11,M1
2026-07-10T20:30:02+10:00,20260710T203002-5fbe6fd3,Northbound,Greenmount Beach,Toowong Village,Friday,2026-07-10,20,30,Australia/Brisbane,76.5,79.7,-3.2,-0.04,108.76,M1
2026-07-11T06:24:22+10:00,20260711T062422-7ad5e768,Southbound,Toowong Village,Greenmount Beach,Saturday,2026-07-11,6,24,Australia/Brisbane,76.2,80.8,-4.6,-0.057,109.11,M1
2026-07-11T06:24:22+10:00,20260711T062422-7ad5e768,Northbound,Greenmount Beach,Toowong Village,Saturday,2026-07-11,6,24,Australia/Brisbane,74.7,79.7,-5.0,-0.063,108.76,M1
2026-07-11T07:35:09+10:00,20260711T073509-e78e5737,Southbound,Toowong Village,Greenmount Beach,Saturday,2026-07-11,7,35,Australia/Brisbane,77.8,80.8,-3.0,-0.037,109.11,M1
2026-07-11T07:35:09+10:00,20260711T073509-e78e5737,Northbound,Greenmount Beach,Toowong Village,Saturday,2026-07-11,7,35,Australia/Brisbane,76.2,79.7,-3.5,-0.044,108.76,M1
2026-07-11T08:41:30+10:00,20260711T084130-4134c51d,Southbound,Toowong Village,Greenmount Beach,Saturday,2026-07-11,8,41,Australia/Brisbane,81.1,80.8,0.3,0.004,109.11,M1
2026-07-11T08:41:30+10:00,20260711T084130-4134c51d,Northbound,Greenmount Beach,Toowong Village,Saturday,2026-07-11,8,41,Australia/Brisbane,79.5,79.7,-0.1,-0.001,108.76,M1
2026-07-11T09:40:08+10:00,20260711T094008-58dcde20,Southbound,Toowong Village,Greenmount Beach,Saturday,2026-07-11,9,40,Australia/Brisbane,91.0,80.8,10.2,0.127,109.11,M1
2026-07-11T09:40:08+10:00,20260711T094008-58dcde20,Northbound,Greenmount Beach,Toowong Village,Saturday,2026-07-11,9,40,Australia/Brisbane,83.8,79.7,4.2,0.053,108.76,M1
2026-07-11T11:09:42+10:00,20260711T110942-1b08f0d4,Southbound,Toowong Village,Greenmount Beach,Saturday,2026-07-11,11,9,Australia/Brisbane,106.5,83.1,23.4,0.282,120.46,M1
2026-07-11T11:09:42+10:00,20260711T110942-1b08f0d4,Northbound,Greenmount Beach,Toowong Village,Saturday,2026-07-11,11,9,Australia/Brisbane,88.9,83.9,5.0,0.06,120.89,M1
2026-07-11T14:29:02+10:00,20260711T142902-acaef65f,Southbound,Toowong Village,Greenmount Beach,Saturday,2026-07-11,14,29,Australia/Brisbane,88.3,80.8,7.5,0.093,109.11,M1
2026-07-11T14:29:02+10:00,20260711T142902-acaef65f,Northbound,Greenmount Beach,Toowong Village,Saturday,2026-07-11,14,29,Australia/Brisbane,85.1,79.7,5.4,0.068,108.76,M1
2026-07-11T16:38:40+10:00,20260711T163840-d0654e0d,Southbound,Toowong Village,Greenmount Beach,Saturday,2026-07-11,16,38,Australia/Brisbane,83.0,80.8,2.1,0.027,109.11,M1
2026-07-11T16:38:40+10:00,20260711T163840-d0654e0d,Northbound,Greenmount Beach,Toowong Village,Saturday,2026-07-11,16,38,Australia/Brisbane,86.6,83.6,3.0,0.036,120.82,M1
2026-07-11T18:29:06+10:00,20260711T182906-c25f1240,Southbound,Toowong Village,Greenmount Beach,Saturday,2026-07-11,18,29,Australia/Brisbane,79.6,80.8,-1.2,-0.015,109.11,M1
2026-07-11T18:29:06+10:00,20260711T182906-c25f1240,Northbound,Greenmount Beach,Toowong Village,Saturday,2026-07-11,18,29,Australia/Brisbane,78.1,79.7,-1.5,-0.019,108.76,M1
2026-07-11T20:02:51+10:00,20260711T200251-c74cd714,Southbound,Toowong Village,Greenmount Beach,Saturday,2026-07-11,20,2,Australia/Brisbane,80.7,80.8,-0.1,-0.002,109.11,M1
2026-07-11T20:02:51+10:00,20260711T200251-c74cd714,Northbound,Greenmount Beach,Toowong Village,Saturday,2026-07-11,20,2,Australia/Brisbane,77.0,79.7,-2.7,-0.034,108.76,M1
2026-07-12T06:06:14+10:00,20260712T060614-ef8f6fdd,Southbound,Toowong Village,Greenmount Beach,Sunday,2026-07-12,6,6,Australia/Brisbane,74.3,80.8,-6.5,-0.08,109.11,M1
2026-07-12T06:06:14+10:00,20260712T060614-ef8f6fdd,Northbound,Greenmount Beach,Toowong Village,Sunday,2026-07-12,6,6,Australia/Brisbane,73.0,79.7,-6.7,-0.083,108.76,M1
2026-07-12T07:07:32+10:00,20260712T070732-d6478af2,Southbound,Toowong Village,Greenmount Beach,Sunday,2026-07-12,7,7,Australia/Brisbane,75.8,80.8,-5.0,-0.062,109.11,M1
2026-07-12T07:07:32+10:00,20260712T070732-d6478af2,Northbound,Greenmount Beach,Toowong Village,Sunday,2026-07-12,7,7,Australia/Brisbane,74.2,79.7,-5.4,-0.068,108.76,M1
2026-07-12T08:08:34+10:00,20260712T080834-bd6c7f40,Southbound,Toowong Village,Greenmount Beach,Sunday,2026-07-12,8,8,Australia/Brisbane,78.5,80.8,-2.2,-0.028,109.11,M1
2026-07-12T08:08:34+10:00,20260712T080834-bd6c7f40,Northbound,Greenmount Beach,Toowong Village,Sunday,2026-07-12,8,8,Australia/Brisbane,76.0,79.7,-3.7,-0.046,108.76,M1
2026-07-12T09:11:22+10:00,20260712T091122-180c24b5,Southbound,Toowong Village,Greenmount Beach,Sunday,2026-07-12,9,11,Australia/Brisbane,80.1,80.8,-0.7,-0.009,109.11,M1
2026-07-12T09:11:22+10:00,20260712T091122-180c24b5,Northbound,Greenmount Beach,Toowong Village,Sunday,2026-07-12,9,11,Australia/Brisbane,77.8,79.7,-1.9,-0.024,108.76,M1
2026-07-12T10:11:55+10:00,20260712T101155-644f8600,Southbound,Toowong Village,Greenmount Beach,Sunday,2026-07-12,10,11,Australia/Brisbane,82.9,80.8,2.1,0.026,109.11,M1
2026-07-12T10:11:55+10:00,20260712T101155-644f8600,Northbound,Greenmount Beach,Toowong Village,Sunday,2026-07-12,10,11,Australia/Brisbane,84.2,79.7,4.5,0.057,108.76,M1
2026-07-12T14:00:09+10:00,20260712T140009-584faf9b,Southbound,Toowong Village,Greenmount Beach,Sunday,2026-07-12,14,0,Australia/Brisbane,79.6,80.8,-1.2,-0.015,109.11,M1
2026-07-12T14:00:09+10:00,20260712T140009-584faf9b,Northbound,Greenmount Beach,Toowong Village,Sunday,2026-07-12,14,0,Australia/Brisbane,79.3,79.7,-0.3,-0.004,108.76,M1
2026-07-12T16:43:12+10:00,20260712T164312-559adcc6,Southbound,Toowong Village,Greenmount Beach,Sunday,2026-07-12,16,43,Australia/Brisbane,80.1,80.8,-0.7,-0.009,109.11,M1
2026-07-12T16:43:12+10:00,20260712T164312-559adcc6,Northbound,Greenmount Beach,Toowong Village,Sunday,2026-07-12,16,43,Australia/Brisbane,81.4,79.7,1.8,0.022,108.76,M1
2026-07-12T18:55:20+10:00,20260712T185520-f13ac6fe,Southbound,Toowong Village,Greenmount Beach,Sunday,2026-07-12,18,55,Australia/Brisbane,78.1,80.8,-2.7,-0.033,109.11,M1
2026-07-12T18:55:20+10:00,20260712T185520-f13ac6fe,Northbound,Greenmount Beach,Toowong Village,Sunday,2026-07-12,18,55,Australia/Brisbane,76.4,79.7,-3.2,-0.041,108.76,M1
2026-07-12T20:35:49+10:00,20260712T203549-e3b480a6,Southbound,Toowong Village,Greenmount Beach,Sunday,2026-07-12,20,35,Australia/Brisbane,81.7,80.8,0.8,0.011,109.11,M1
2026-07-12T20:35:49+10:00,20260712T203549-e3b480a6,Northbound,Greenmount Beach,Toowong Village,Sunday,2026-07-12,20,35,Australia/Brisbane,76.8,79.7,-2.9,-0.036,108.76,M1
2026-07-13T06:06:23+10:00,20260713T060623-063d64e6,Southbound,Toowong Village,Greenmount Beach,Monday,2026-07-13,6,6,Australia/Brisbane,85.7,80.8,4.9,0.061,109.11,M1
2026-07-13T06:06:23+10:00,20260713T060623-063d64e6,Northbound,Greenmount Beach,Toowong Village,Monday,2026-07-13,6,6,Australia/Brisbane,119.7,84.0,35.8,0.426,109.82,M1
2026-07-13T07:06:58+10:00,20260713T070658-b0b98e6e,Southbound,Toowong Village,Greenmount Beach,Monday,2026-07-13,7,6,Australia/Brisbane,98.5,80.8,17.7,0.219,109.11,M1
2026-07-13T07:06:58+10:00,20260713T070658-b0b98e6e,Northbound,Greenmount Beach,Toowong Village,Monday,2026-07-13,7,6,Australia/Brisbane,107.9,83.6,24.3,0.291,120.82,M1
2026-07-13T08:07:52+10:00,20260713T080752-0a402d13,Southbound,Toowong Village,Greenmount Beach,Monday,2026-07-13,8,7,Australia/Brisbane,91.8,80.8,11.0,0.136,108.9,M1
2026-07-13T08:07:52+10:00,20260713T080752-0a402d13,Northbound,Greenmount Beach,Toowong Village,Monday,2026-07-13,8,7,Australia/Brisbane,97.5,79.7,17.9,0.224,108.76,M1
2026-07-13T09:09:36+10:00,20260713T090936-945d50c2,Southbound,Toowong Village,Greenmount Beach,Monday,2026-07-13,9,9,Australia/Brisbane,82.8,80.8,2.0,0.025,109.11,M1
2026-07-13T09:09:36+10:00,20260713T090936-945d50c2,Northbound,Greenmount Beach,Toowong Village,Monday,2026-07-13,9,9,Australia/Brisbane,89.8,79.7,10.1,0.127,108.76,M1
2026-07-13T10:11:11+10:00,20260713T101111-b5c5fa48,Southbound,Toowong Village,Greenmount Beach,Monday,2026-07-13,10,11,Australia/Brisbane,82.4,80.8,1.6,0.02,109.11,M1
2026-07-13T10:11:11+10:00,20260713T101111-b5c5fa48,Northbound,Greenmount Beach,Toowong Village,Monday,2026-07-13,10,11,Australia/Brisbane,85.7,79.7,6.0,0.075,108.76,M1
2026-07-13T14:02:06+10:00,20260713T140206-b3049372,Southbound,Toowong Village,Greenmount Beach,Monday,2026-07-13,14,2,Australia/Brisbane,86.6,80.8,5.8,0.072,109.11,M1
2026-07-13T14:02:06+10:00,20260713T140206-b3049372,Northbound,Greenmount Beach,Toowong Village,Monday,2026-07-13,14,2,Australia/Brisbane,82.7,79.7,3.0,0.038,108.76,M1
2026-07-13T17:38:00+10:00,20260713T173800-48c7afac,Southbound,Toowong Village,Greenmount Beach,Monday,2026-07-13,17,38,Australia/Brisbane,99.8,80.8,18.9,0.234,108.9,M1
2026-07-13T17:38:00+10:00,20260713T173800-48c7afac,Northbound,Greenmount Beach,Toowong Village,Monday,2026-07-13,17,38,Australia/Brisbane,85.1,79.7,5.5,0.068,108.76,M1
2026-07-13T20:42:44+10:00,20260713T204244-3b372e62,Southbound,Toowong Village,Greenmount Beach,Monday,2026-07-13,20,42,Australia/Brisbane,81.0,80.8,0.2,0.002,109.11,M1
2026-07-13T20:42:44+10:00,20260713T204244-3b372e62,Northbound,Greenmount Beach,Toowong Village,Monday,2026-07-13,20,42,Australia/Brisbane,76.6,79.7,-3.0,-0.038,108.76,M1
2026-07-14T06:16:39+10:00,20260714T061639-b5dfea56,Southbound,Toowong Village,Greenmount Beach,Tuesday,2026-07-14,6,16,Australia/Brisbane,97.5,83.9,13.6,0.162,109.7,M1
2026-07-14T06:16:39+10:00,20260714T061639-b5dfea56,Northbound,Greenmount Beach,Toowong Village,Tuesday,2026-07-14,6,16,Australia/Brisbane,122.9,79.7,43.2,0.542,108.76,M1
2026-07-14T07:29:13+10:00,20260714T072913-bf21d609,Southbound,Toowong Village,Greenmount Beach,Tuesday,2026-07-14,7,29,Australia/Brisbane,101.0,83.1,17.9,0.216,120.46,M1
2026-07-14T07:29:13+10:00,20260714T072913-bf21d609,Northbound,Greenmount Beach,Toowong Village,Tuesday,2026-07-14,7,29,Australia/Brisbane,109.5,79.7,29.9,0.375,108.76,M1
2026-07-14T08:31:05+10:00,20260714T083105-ee741723,Southbound,Toowong Village,Greenmount Beach,Tuesday,2026-07-14,8,31,Australia/Brisbane,90.7,83.1,7.6,0.092,120.46,M1
2026-07-14T08:31:05+10:00,20260714T083105-ee741723,Northbound,Greenmount Beach,Toowong Village,Tuesday,2026-07-14,8,31,Australia/Brisbane,97.4,79.7,17.8,0.223,108.76,M1
2026-07-14T09:36:27+10:00,20260714T093627-12672e70,Southbound,Toowong Village,Greenmount Beach,Tuesday,2026-07-14,9,36,Australia/Brisbane,84.2,80.8,3.4,0.042,109.11,M1
2026-07-14T09:36:27+10:00,20260714T093627-12672e70,Northbound,Greenmount Beach,Toowong Village,Tuesday,2026-07-14,9,36,Australia/Brisbane,87.6,79.7,7.9,0.099,108.76,M1
2026-07-14T11:04:34+10:00,20260714T110434-3cb1e09a,Southbound,Toowong Village,Greenmount Beach,Tuesday,2026-07-14,11,4,Australia/Brisbane,85.6,80.8,4.8,0.059,109.11,M1
2026-07-14T11:04:34+10:00,20260714T110434-3cb1e09a,Northbound,Greenmount Beach,Toowong Village,Tuesday,2026-07-14,11,4,Australia/Brisbane,81.2,79.7,1.5,0.019,108.76,M1
2026-07-14T14:17:22+10:00,20260714T141722-46332941,Southbound,Toowong Village,Greenmount Beach,Tuesday,2026-07-14,14,17,Australia/Brisbane,107.1,80.8,26.3,0.325,109.11,M1
2026-07-14T14:17:22+10:00,20260714T141722-46332941,Northbound,Greenmount Beach,Toowong Village,Tuesday,2026-07-14,14,17,Australia/Brisbane,86.6,79.8,6.9,0.086,108.78,M1
2026-07-14T16:34:48+10:00,20260714T163448-5c30600c,Southbound,Toowong Village,Greenmount Beach,Tuesday,2026-07-14,16,34,Australia/Brisbane,123.4,83.1,40.3,0.486,120.46,M1
2026-07-14T16:34:48+10:00,20260714T163448-5c30600c,Northbound,Greenmount Beach,Toowong Village,Tuesday,2026-07-14,16,34,Australia/Brisbane,108.8,80.0,28.8,0.36,108.65,M1
2026-07-14T18:54:57+10:00,20260714T185457-45a26a29,Southbound,Toowong Village,Greenmount Beach,Tuesday,2026-07-14,18,54,Australia/Brisbane,81.1,80.8,0.3,0.003,109.11,M1
2026-07-14T18:54:57+10:00,20260714T185457-45a26a29,Northbound,Greenmount Beach,Toowong Village,Tuesday,2026-07-14,18,54,Australia/Brisbane,76.2,79.8,-3.5,-0.044,108.91,M1
2026-07-14T20:48:02+10:00,20260714T204802-2f401803,Southbound,Toowong Village,Greenmount Beach,Tuesday,2026-07-14,20,48,Australia/Brisbane,80.4,80.8,-0.4,-0.005,109.11,M1
2026-07-14T20:48:02+10:00,20260714T204802-2f401803,Northbound,Greenmount Beach,Toowong Village,Tuesday,2026-07-14,20,48,Australia/Brisbane,77.5,79.7,-2.2,-0.027,108.76,M1
2026-07-15T06:13:13+10:00,20260715T061313-eb6eac13,Southbound,Toowong Village,Greenmount Beach,Wednesday,2026-07-15,6,13,Australia/Brisbane,90.3,80.9,9.4,0.116,109.11,M1
2026-07-15T06:13:13+10:00,20260715T061313-eb6eac13,Northbound,Greenmount Beach,Toowong Village,Wednesday,2026-07-15,6,13,Australia/Brisbane,123.6,83.7,39.9,0.477,120.82,M1
2026-07-15T07:16:58+10:00,20260715T071658-2f013866,Southbound,Toowong Village,Greenmount Beach,Wednesday,2026-07-15,7,16,Australia/Brisbane,101.5,82.8,18.7,0.226,109.86,M1
2026-07-15T07:16:58+10:00,20260715T071658-2f013866,Northbound,Greenmount Beach,Toowong Village,Wednesday,2026-07-15,7,16,Australia/Brisbane,108.0,83.7,24.3,0.29,120.82,M1
2026-07-15T08:30:36+10:00,20260715T083036-67ac92a5,Southbound,Toowong Village,Greenmount Beach,Wednesday,2026-07-15,8,30,Australia/Brisbane,92.0,81.3,10.7,0.131,109.02,M1
2026-07-15T08:30:36+10:00,20260715T083036-67ac92a5,Northbound,Greenmount Beach,Toowong Village,Wednesday,2026-07-15,8,30,Australia/Brisbane,92.0,79.7,12.2,0.154,108.76,M1
2026-07-15T09:34:58+10:00,20260715T093458-aa7f3657,Southbound,Toowong Village,Greenmount Beach,Wednesday,2026-07-15,9,34,Australia/Brisbane,83.0,80.9,2.1,0.026,109.11,M1
2026-07-15T09:34:58+10:00,20260715T093458-aa7f3657,Northbound,Greenmount Beach,Toowong Village,Wednesday,2026-07-15,9,34,Australia/Brisbane,83.6,79.7,3.9,0.049,108.76,M1
2026-07-15T11:01:28+10:00,20260715T110128-43711555,Southbound,Toowong Village,Greenmount Beach,Wednesday,2026-07-15,11,1,Australia/Brisbane,82.3,80.9,1.4,0.018,109.11,M1
2026-07-15T11:01:28+10:00,20260715T110128-43711555,Northbound,Greenmount Beach,Toowong Village,Wednesday,2026-07-15,11,1,Australia/Brisbane,82.0,79.7,2.3,0.028,108.76,M1
2026-07-15T14:17:08+10:00,20260715T141708-4ae47cf8,Southbound,Toowong Village,Greenmount Beach,Wednesday,2026-07-15,14,17,Australia/Brisbane,117.9,83.1,34.8,0.418,120.46,M1
2026-07-15T14:17:08+10:00,20260715T141708-4ae47cf8,Northbound,Greenmount Beach,Toowong Village,Wednesday,2026-07-15,14,17,Australia/Brisbane,89.6,79.7,9.9,0.124,108.76,M1
2026-07-15T16:36:00+10:00,20260715T163600-a4fb42fc,Southbound,Toowong Village,Greenmount Beach,Wednesday,2026-07-15,16,36,Australia/Brisbane,126.4,86.0,40.5,0.471,119.67,M1
2026-07-15T16:36:00+10:00,20260715T163600-a4fb42fc,Northbound,Greenmount Beach,Toowong Village,Wednesday,2026-07-15,16,36,Australia/Brisbane,105.5,80.0,25.6,0.32,108.69,M1
2026-07-15T19:00:40+10:00,20260715T190040-a8ef001f,Southbound,Toowong Village,Greenmount Beach,Wednesday,2026-07-15,19,0,Australia/Brisbane,82.5,80.9,1.6,0.02,109.11,M1
2026-07-15T19:00:40+10:00,20260715T190040-a8ef001f,Northbound,Greenmount Beach,Toowong Village,Wednesday,2026-07-15,19,0,Australia/Brisbane,77.3,79.7,-2.4,-0.03,108.76,M1
2026-07-16T06:10:44+10:00,20260716T061044-00b5b216,Southbound,Toowong Village,Greenmount Beach,Thursday,2026-07-16,6,10,Australia/Brisbane,84.9,80.9,4.0,0.05,109.11,M1
2026-07-16T06:10:44+10:00,20260716T061044-00b5b216,Northbound,Greenmount Beach,Toowong Village,Thursday,2026-07-16,6,10,Australia/Brisbane,117.3,83.7,33.6,0.402,120.82,M1
2026-07-16T07:15:52+10:00,20260716T071552-c53c12b0,Southbound,Toowong Village,Greenmount Beach,Thursday,2026-07-16,7,15,Australia/Brisbane,99.2,80.9,18.3,0.226,109.11,M1
2026-07-16T07:15:52+10:00,20260716T071552-c53c12b0,Northbound,Greenmount Beach,Toowong Village,Thursday,2026-07-16,7,15,Australia/Brisbane,104.7,83.7,21.0,0.251,120.82,M1
2026-07-16T08:30:04+10:00,20260716T083004-5a2cd290,Southbound,Toowong Village,Greenmount Beach,Thursday,2026-07-16,8,30,Australia/Brisbane,91.9,83.0,8.9,0.108,109.48,M1
2026-07-16T08:30:04+10:00,20260716T083004-5a2cd290,Northbound,Greenmount Beach,Toowong Village,Thursday,2026-07-16,8,30,Australia/Brisbane,92.2,79.7,12.4,0.156,108.76,M1
2026-07-16T09:34:14+10:00,20260716T093414-f965b3d5,Southbound,Toowong Village,Greenmount Beach,Thursday,2026-07-16,9,34,Australia/Brisbane,85.8,80.9,4.9,0.06,109.11,M1
2026-07-16T09:34:14+10:00,20260716T093414-f965b3d5,Northbound,Greenmount Beach,Toowong Village,Thursday,2026-07-16,9,34,Australia/Brisbane,84.9,79.7,5.2,0.065,108.76,M1
2026-07-16T11:08:33+10:00,20260716T110833-98f7a76f,Southbound,Toowong Village,Greenmount Beach,Thursday,2026-07-16,11,8,Australia/Brisbane,82.4,80.9,1.5,0.019,109.11,M1
2026-07-16T11:08:33+10:00,20260716T110833-98f7a76f,Northbound,Greenmount Beach,Toowong Village,Thursday,2026-07-16,11,8,Australia/Brisbane,81.8,79.7,2.1,0.026,108.76,M1
2026-07-16T14:26:06+10:00,20260716T142606-00cf8ad8,Southbound,Toowong Village,Greenmount Beach,Thursday,2026-07-16,14,26,Australia/Brisbane,116.5,84.4,32.2,0.381,114.82,M1
2026-07-16T14:26:06+10:00,20260716T142606-00cf8ad8,Northbound,Greenmount Beach,Toowong Village,Thursday,2026-07-16,14,26,Australia/Brisbane,90.6,79.7,10.9,0.137,108.76,M1
2026-07-16T17:01:40+10:00,20260716T170140-87624426,Southbound,Toowong Village,Greenmount Beach,Thursday,2026-07-16,17,1,Australia/Brisbane,113.9,84.4,29.5,0.35,114.82,M1
2026-07-16T17:01:40+10:00,20260716T170140-87624426,Northbound,Greenmount Beach,Toowong Village,Thursday,2026-07-16,17,1,Australia/Brisbane,93.0,83.7,9.3,0.111,120.82,M1
2026-07-16T19:28:11+10:00,20260716T192811-5a95634d,Southbound,Toowong Village,Greenmount Beach,Thursday,2026-07-16,19,28,Australia/Brisbane,79.7,80.9,-1.2,-0.015,109.11,M1
2026-07-16T19:28:11+10:00,20260716T192811-5a95634d,Northbound,Greenmount Beach,Toowong Village,Thursday,2026-07-16,19,28,Australia/Brisbane,77.0,79.7,-2.6,-0.033,108.76,M1
2026-07-17T06:03:26+10:00,20260717T060326-e0b2ad38,Southbound,Toowong Village,Greenmount Beach,Friday,2026-07-17,6,3,Australia/Brisbane,80.3,80.9,-0.6,-0.007,109.11,M1
2026-07-17T06:03:26+10:00,20260717T060326-e0b2ad38,Northbound,Greenmount Beach,Toowong Village,Friday,2026-07-17,6,3,Australia/Brisbane,95.6,83.7,11.9,0.142,120.82,M1
2026-07-17T07:16:35+10:00,20260717T071635-5c1a578f,Southbound,Toowong Village,Greenmount Beach,Friday,2026-07-17,7,16,Australia/Brisbane,87.5,81.6,5.8,0.072,109.0,M1
2026-07-17T07:16:35+10:00,20260717T071635-5c1a578f,Northbound,Greenmount Beach,Toowong Village,Friday,2026-07-17,7,16,Australia/Brisbane,89.2,79.7,9.5,0.119,108.76,M1
2026-07-17T08:29:23+10:00,20260717T082923-67484e3c,Southbound,Toowong Village,Greenmount Beach,Friday,2026-07-17,8,29,Australia/Brisbane,91.0,83.2,7.7,0.093,109.41,M1
2026-07-17T08:29:23+10:00,20260717T082923-67484e3c,Northbound,Greenmount Beach,Toowong Village,Friday,2026-07-17,8,29,Australia/Brisbane,85.8,79.7,6.0,0.076,108.76,M1
2026-07-17T09:29:48+10:00,20260717T092948-a3e08f8a,Southbound,Toowong Village,Greenmount Beach,Friday,2026-07-17,9,29,Australia/Brisbane,85.9,80.9,5.0,0.062,109.11,M1
2026-07-17T09:29:48+10:00,20260717T092948-a3e08f8a,Northbound,Greenmount Beach,Toowong Village,Friday,2026-07-17,9,29,Australia/Brisbane,84.6,79.7,4.9,0.061,108.76,M1
2026-07-17T11:06:21+10:00,20260717T110621-7a541454,Southbound,Toowong Village,Greenmount Beach,Friday,2026-07-17,11,6,Australia/Brisbane,89.4,80.9,8.5,0.105,109.11,M1
2026-07-17T11:06:21+10:00,20260717T110621-7a541454,Northbound,Greenmount Beach,Toowong Village,Friday,2026-07-17,11,6,Australia/Brisbane,87.8,79.7,8.1,0.101,108.76,M1
2026-07-17T14:25:51+10:00,20260717T142551-a9e93386,Southbound,Toowong Village,Greenmount Beach,Friday,2026-07-17,14,25,Australia/Brisbane,143.0,88.9,54.1,0.609,116.08,M1
2026-07-17T14:25:51+10:00,20260717T142551-a9e93386,Northbound,Greenmount Beach,Toowong Village,Friday,2026-07-17,14,25,Australia/Brisbane,100.5,83.7,16.9,0.202,120.82,M1
2026-07-17T16:39:28+10:00,20260717T163928-de68c643,Southbound,Toowong Village,Greenmount Beach,Friday,2026-07-17,16,39,Australia/Brisbane,113.7,80.9,32.7,0.405,108.9,M1
2026-07-17T16:39:28+10:00,20260717T163928-de68c643,Northbound,Greenmount Beach,Toowong Village,Friday,2026-07-17,16,39,Australia/Brisbane,90.5,83.7,6.9,0.082,120.82,M1
2026-07-17T18:58:47+10:00,20260717T185847-237e12ce,Southbound,Toowong Village,Greenmount Beach,Friday,2026-07-17,18,58,Australia/Brisbane,80.0,80.9,-0.9,-0.011,109.11,M1
2026-07-17T18:58:47+10:00,20260717T185847-237e12ce,Northbound,Greenmount Beach,Toowong Village,Friday,2026-07-17,18,58,Australia/Brisbane,77.4,79.7,-2.3,-0.029,108.76,M1
2026-07-17T20:55:23+10:00,20260717T205523-1668faf1,Southbound,Toowong Village,Greenmount Beach,Friday,2026-07-17,20,55,Australia/Brisbane,78.5,80.9,-2.4,-0.03,109.11,M1
2026-07-17T20:55:23+10:00,20260717T205523-1668faf1,Northbound,Greenmount Beach,Toowong Village,Friday,2026-07-17,20,55,Australia/Brisbane,76.0,79.7,-3.7,-0.046,108.76,M1
2026-07-18T06:06:28+10:00,20260718T060628-e8817c69,Southbound,Toowong Village,Greenmount Beach,Saturday,2026-07-18,6,6,Australia/Brisbane,75.9,80.9,-5.0,-0.062,109.11,M1
2026-07-18T06:06:28+10:00,20260718T060628-e8817c69,Northbound,Greenmount Beach,Toowong Village,Saturday,2026-07-18,6,6,Australia/Brisbane,73.9,79.7,-5.8,-0.073,108.76,M1
2026-07-18T07:08:14+10:00,20260718T070814-eba42b85,Southbound,Toowong Village,Greenmount Beach,Saturday,2026-07-18,7,8,Australia/Brisbane,76.5,80.9,-4.3,-0.054,109.11,M1
2026-07-18T07:08:14+10:00,20260718T070814-eba42b85,Northbound,Greenmount Beach,Toowong Village,Saturday,2026-07-18,7,8,Australia/Brisbane,74.8,79.7,-4.9,-0.062,108.76,M1
2026-07-18T08:06:41+10:00,20260718T080641-df8fbff2,Southbound,Toowong Village,Greenmount Beach,Saturday,2026-07-18,8,6,Australia/Brisbane,79.3,80.9,-1.6,-0.02,109.11,M1
2026-07-18T08:06:41+10:00,20260718T080641-df8fbff2,Northbound,Greenmount Beach,Toowong Village,Saturday,2026-07-18,8,6,Australia/Brisbane,77.3,79.7,-2.4,-0.03,108.76,M1
2026-07-18T09:08:37+10:00,20260718T090837-4867a981,Southbound,Toowong Village,Greenmount Beach,Saturday,2026-07-18,9,8,Australia/Brisbane,85.4,80.9,4.5,0.056,109.11,M1
2026-07-18T09:08:37+10:00,20260718T090837-4867a981,Northbound,Greenmount Beach,Toowong Village,Saturday,2026-07-18,9,8,Australia/Brisbane,81.6,79.7,1.9,0.024,108.76,M1
2026-07-18T10:09:51+10:00,20260718T100951-b92e6df0,Southbound,Toowong Village,Greenmount Beach,Saturday,2026-07-18,10,9,Australia/Brisbane,93.7,80.9,12.8,0.158,108.9,M1
2026-07-18T10:09:51+10:00,20260718T100951-b92e6df0,Northbound,Greenmount Beach,Toowong Village,Saturday,2026-07-18,10,9,Australia/Brisbane,90.2,79.7,10.5,0.132,108.76,M1
2026-07-18T13:32:29+10:00,20260718T133229-cb9beded,Southbound,Toowong Village,Greenmount Beach,Saturday,2026-07-18,13,32,Australia/Brisbane,93.1,80.9,12.2,0.151,109.11,M1
2026-07-18T13:32:29+10:00,20260718T133229-cb9beded,Northbound,Greenmount Beach,Toowong Village,Saturday,2026-07-18,13,32,Australia/Brisbane,84.9,81.1,3.9,0.048,106.58,M1
2026-07-18T15:52:33+10:00,20260718T155233-8b86fce8,Southbound,Toowong Village,Greenmount Beach,Saturday,2026-07-18,15,52,Australia/Brisbane,81.3,80.9,0.4,0.005,109.11,M1
2026-07-18T15:52:33+10:00,20260718T155233-8b86fce8,Northbound,Greenmount Beach,Toowong Village,Saturday,2026-07-18,15,52,Australia/Brisbane,86.8,79.7,7.1,0.089,108.76,M1
2026-07-18T17:53:47+10:00,20260718T175347-c902da8b,Southbound,Toowong Village,Greenmount Beach,Saturday,2026-07-18,17,53,Australia/Brisbane,82.0,80.9,1.1,0.013,109.11,M1
2026-07-18T17:53:47+10:00,20260718T175347-c902da8b,Northbound,Greenmount Beach,Toowong Village,Saturday,2026-07-18,17,53,Australia/Brisbane,81.3,79.7,1.6,0.02,108.76,M1
2026-07-18T19:27:13+10:00,20260718T192713-9342a002,Southbound,Toowong Village,Greenmount Beach,Saturday,2026-07-18,19,27,Australia/Brisbane,78.6,80.9,-2.3,-0.028,109.11,M1
2026-07-18T19:27:13+10:00,20260718T192713-9342a002,Northbound,Greenmount Beach,Toowong Village,Saturday,2026-07-18,19,27,Australia/Brisbane,76.2,79.7,-3.5,-0.044,108.76,M1
2026-07-18T20:47:27+10:00,20260718T204727-a6ea4811,Southbound,Toowong Village,Greenmount Beach,Saturday,2026-07-18,20,47,Australia/Brisbane,78.2,80.9,-2.7,-0.033,109.11,M1
2026-07-18T20:47:27+10:00,20260718T204727-a6ea4811,Northbound,Greenmount Beach,Toowong Village,Saturday,2026-07-18,20,47,Australia/Brisbane,76.2,79.7,-3.5,-0.044,108.76,M1
2026-07-19T06:04:15+10:00,20260719T060415-248bf079,Southbound,Toowong Village,Greenmount Beach,Sunday,2026-07-19,6,4,Australia/Brisbane,75.3,80.9,-5.5,-0.068,109.11,M1
2026-07-19T06:04:15+10:00,20260719T060415-248bf079,Northbound,Greenmount Beach,Toowong Village,Sunday,2026-07-19,6,4,Australia/Brisbane,73.2,79.7,-6.5,-0.081,108.76,M1
2026-07-19T07:06:47+10:00,20260719T070647-9f7fc7b0,Southbound,Toowong Village,Greenmount Beach,Sunday,2026-07-19,7,6,Australia/Brisbane,75.9,80.9,-5.0,-0.061,109.11,M1
2026-07-19T07:06:47+10:00,20260719T070647-9f7fc7b0,Northbound,Greenmount Beach,Toowong Village,Sunday,2026-07-19,7,6,Australia/Brisbane,74.4,79.7,-5.3,-0.067,108.76,M1
2026-07-19T08:07:50+10:00,20260719T080750-b6009f21,Southbound,Toowong Village,Greenmount Beach,Sunday,2026-07-19,8,7,Australia/Brisbane,77.3,80.9,-3.6,-0.045,109.11,M1
2026-07-19T08:07:50+10:00,20260719T080750-b6009f21,Northbound,Greenmount Beach,Toowong Village,Sunday,2026-07-19,8,7,Australia/Brisbane,76.2,79.7,-3.5,-0.043,108.76,M1
2026-07-19T09:11:15+10:00,20260719T091115-852dcf21,Southbound,Toowong Village,Greenmount Beach,Sunday,2026-07-19,9,11,Australia/Brisbane,80.1,80.9,-0.8,-0.009,109.11,M1
2026-07-19T09:11:15+10:00,20260719T091115-852dcf21,Northbound,Greenmount Beach,Toowong Village,Sunday,2026-07-19,9,11,Australia/Brisbane,78.4,79.7,-1.3,-0.016,108.76,M1
2026-07-19T10:11:01+10:00,20260719T101101-c53ef13e,Southbound,Toowong Village,Greenmount Beach,Sunday,2026-07-19,10,11,Australia/Brisbane,82.3,80.9,1.4,0.018,109.11,M1
2026-07-19T10:11:01+10:00,20260719T101101-c53ef13e,Northbound,Greenmount Beach,Toowong Village,Sunday,2026-07-19,10,11,Australia/Brisbane,83.7,79.7,4.0,0.05,108.76,M1
2026-07-19T13:56:12+10:00,20260719T135612-a55b4eee,Southbound,Toowong Village,Greenmount Beach,Sunday,2026-07-19,13,56,Australia/Brisbane,81.8,80.9,0.9,0.011,109.11,M1
2026-07-19T13:56:12+10:00,20260719T135612-a55b4eee,Northbound,Greenmount Beach,Toowong Village,Sunday,2026-07-19,13,56,Australia/Brisbane,81.3,79.7,1.6,0.02,108.76,M1
2026-07-19T16:34:03+10:00,20260719T163403-70822a8c,Southbound,Toowong Village,Greenmount Beach,Sunday,2026-07-19,16,34,Australia/Brisbane,80.1,80.9,-0.8,-0.01,109.11,M1
2026-07-19T16:34:03+10:00,20260719T163403-70822a8c,Northbound,Greenmount Beach,Toowong Village,Sunday,2026-07-19,16,34,Australia/Brisbane,82.4,79.7,2.7,0.033,108.76,M1
2026-07-19T18:57:53+10:00,20260719T185753-8be794d6,Southbound,Toowong Village,Greenmount Beach,Sunday,2026-07-19,18,57,Australia/Brisbane,80.4,80.9,-0.5,-0.006,109.11,M1
2026-07-19T18:57:53+10:00,20260719T185753-8be794d6,Northbound,Greenmount Beach,Toowong Village,Sunday,2026-07-19,18,57,Australia/Brisbane,78.5,79.7,-1.1,-0.014,108.76,M1
2026-07-19T20:40:02+10:00,20260719T204002-e69bdcf7,Southbound,Toowong Village,Greenmount Beach,Sunday,2026-07-19,20,40,Australia/Brisbane,79.0,80.9,-1.9,-0.023,109.11,M1
2026-07-19T20:40:02+10:00,20260719T204002-e69bdcf7,Northbound,Greenmount Beach,Toowong Village,Sunday,2026-07-19,20,40,Australia/Brisbane,77.5,81.0,-3.5,-0.043,108.82,M1
2026-07-20T06:07:55+10:00,20260720T060755-a24d33ac,Southbound,Toowong Village,Greenmount Beach,Monday,2026-07-20,6,7,Australia/Brisbane,84.1,80.9,3.2,0.04,109.11,M1
2026-07-20T06:07:55+10:00,20260720T060755-a24d33ac,Northbound,Greenmount Beach,Toowong Village,Monday,2026-07-20,6,7,Australia/Brisbane,109.4,83.7,25.7,0.308,120.82,M1
2026-07-20T07:07:41+10:00,20260720T070741-89223a7e,Southbound,Toowong Village,Greenmount Beach,Monday,2026-07-20,7,7,Australia/Brisbane,96.5,80.9,15.6,0.192,108.9,M1
2026-07-20T07:07:41+10:00,20260720T070741-89223a7e,Northbound,Greenmount Beach,Toowong Village,Monday,2026-07-20,7,7,Australia/Brisbane,103.6,83.7,19.9,0.238,120.82,M1
2026-07-20T08:09:20+10:00,20260720T080920-93bb8f28,Southbound,Toowong Village,Greenmount Beach,Monday,2026-07-20,8,9,Australia/Brisbane,93.7,82.8,10.9,0.131,109.86,M1
2026-07-20T08:09:20+10:00,20260720T080920-93bb8f28,Northbound,Greenmount Beach,Toowong Village,Monday,2026-07-20,8,9,Australia/Brisbane,85.7,79.7,6.0,0.075,108.76,M1
2026-07-20T09:12:07+10:00,20260720T091207-00d3016f,Southbound,Toowong Village,Greenmount Beach,Monday,2026-07-20,9,12,Australia/Brisbane,91.7,80.9,10.8,0.134,109.11,M1
2026-07-20T09:12:07+10:00,20260720T091207-00d3016f,Northbound,Greenmount Beach,Toowong Village,Monday,2026-07-20,9,12,Australia/Brisbane,82.5,79.7,2.8,0.035,108.76,M1
2026-07-20T10:14:01+10:00,20260720T101401-2013a07c,Southbound,Toowong Village,Greenmount Beach,Monday,2026-07-20,10,14,Australia/Brisbane,82.1,80.9,1.2,0.015,109.11,M1
2026-07-20T10:14:01+10:00,20260720T101401-2013a07c,Northbound,Greenmount Beach,Toowong Village,Monday,2026-07-20,10,14,Australia/Brisbane,82.4,79.7,2.7,0.033,108.76,M1
2026-07-20T14:08:12+10:00,20260720T140812-bc4388d1,Southbound,Toowong Village,Greenmount Beach,Monday,2026-07-20,14,8,Australia/Brisbane,93.0,80.9,12.1,0.149,109.11,M1
2026-07-20T14:08:12+10:00,20260720T140812-bc4388d1,Northbound,Greenmount Beach,Toowong Village,Monday,2026-07-20,14,8,Australia/Brisbane,85.3,79.7,5.6,0.07,108.76,M1
2026-07-20T17:30:15+10:00,20260720T173015-1fc0470c,Southbound,Toowong Village,Greenmount Beach,Monday,2026-07-20,17,30,Australia/Brisbane,89.3,80.9,8.4,0.103,108.9,M1
2026-07-20T17:30:15+10:00,20260720T173015-1fc0470c,Northbound,Greenmount Beach,Toowong Village,Monday,2026-07-20,17,30,Australia/Brisbane,79.9,79.7,0.2,0.003,108.76,M1
2026-07-20T20:30:28+10:00,20260720T203028-1848367a,Southbound,Toowong Village,Greenmount Beach,Monday,2026-07-20,20,30,Australia/Brisbane,79.2,80.9,-1.6,-0.02,109.11,M1
2026-07-20T20:30:28+10:00,20260720T203028-1848367a,Northbound,Greenmount Beach,Toowong Village,Monday,2026-07-20,20,30,Australia/Brisbane,76.1,79.7,-3.6,-0.045,108.76,M1
2026-07-21T06:22:24+10:00,20260721T062224-e983a2f0,Southbound,Toowong Village,Greenmount Beach,Tuesday,2026-07-21,6,22,Australia/Brisbane,90.0,80.5,9.5,0.118,108.62,M1
2026-07-21T06:22:24+10:00,20260721T062224-e983a2f0,Northbound,Greenmount Beach,Toowong Village,Tuesday,2026-07-21,6,22,Australia/Brisbane,122.1,79.7,42.4,0.532,108.76,M1
2026-07-21T07:43:54+10:00,20260721T074354-ad6bfb17,Southbound,Toowong Village,Greenmount Beach,Tuesday,2026-07-21,7,43,Australia/Brisbane,95.5,82.8,12.7,0.153,108.93,M1
2026-07-21T07:43:54+10:00,20260721T074354-ad6bfb17,Northbound,Greenmount Beach,Toowong Village,Tuesday,2026-07-21,7,43,Australia/Brisbane,99.0,83.7,15.3,0.183,120.82,M1
2026-07-21T08:40:53+10:00,20260721T084053-2875755d,Southbound,Toowong Village,Greenmount Beach,Tuesday,2026-07-21,8,40,Australia/Brisbane,90.8,82.4,8.4,0.102,109.37,M1
2026-07-21T08:40:53+10:00,20260721T084053-2875755d,Northbound,Greenmount Beach,Toowong Village,Tuesday,2026-07-21,8,40,Australia/Brisbane,87.8,79.7,8.1,0.101,108.76,M1
2026-07-21T09:41:30+10:00,20260721T094130-924af5b1,Southbound,Toowong Village,Greenmount Beach,Tuesday,2026-07-21,9,41,Australia/Brisbane,82.7,80.5,2.2,0.027,108.62,M1
2026-07-21T09:41:30+10:00,20260721T094130-924af5b1,Northbound,Greenmount Beach,Toowong Village,Tuesday,2026-07-21,9,41,Australia/Brisbane,82.8,79.7,3.1,0.039,108.76,M1
2026-07-21T11:10:59+10:00,20260721T111059-c6bb8f84,Southbound,Toowong Village,Greenmount Beach,Tuesday,2026-07-21,11,10,Australia/Brisbane,81.0,80.5,0.5,0.006,108.62,M1
2026-07-21T11:10:59+10:00,20260721T111059-c6bb8f84,Northbound,Greenmount Beach,Toowong Village,Tuesday,2026-07-21,11,10,Australia/Brisbane,80.2,79.7,0.5,0.007,108.76,M1
2026-07-21T14:33:11+10:00,20260721T143311-ff2417c3,Southbound,Toowong Village,Greenmount Beach,Tuesday,2026-07-21,14,33,Australia/Brisbane,114.7,82.8,31.9,0.386,119.99,M1
2026-07-21T14:33:11+10:00,20260721T143311-ff2417c3,Northbound,Greenmount Beach,Toowong Village,Tuesday,2026-07-21,14,33,Australia/Brisbane,90.5,79.7,10.8,0.136,108.76,M1
2026-07-21T17:20:33+10:00,20260721T172033-0465e8bd,Southbound,Toowong Village,Greenmount Beach,Tuesday,2026-07-21,17,20,Australia/Brisbane,102.2,88.3,13.9,0.158,119.64,M1
2026-07-21T17:20:33+10:00,20260721T172033-0465e8bd,Northbound,Greenmount Beach,Toowong Village,Tuesday,2026-07-21,17,20,Australia/Brisbane,85.7,79.8,5.8,0.073,108.84,M1
2026-07-21T20:02:27+10:00,20260721T200227-977d23b8,Southbound,Toowong Village,Greenmount Beach,Tuesday,2026-07-21,20,2,Australia/Brisbane,79.1,80.5,-1.4,-0.018,108.63,M1
2026-07-21T20:02:27+10:00,20260721T200227-977d23b8,Northbound,Greenmount Beach,Toowong Village,Tuesday,2026-07-21,20,2,Australia/Brisbane,77.2,79.7,-2.5,-0.032,108.76,M1
2026-07-22T06:19:40+10:00,20260722T061940-c1529813,Southbound,Toowong Village,Greenmount Beach,Wednesday,2026-07-22,6,19,Australia/Brisbane,91.2,80.4,10.8,0.135,108.63,M1
2026-07-22T06:19:40+10:00,20260722T061940-c1529813,Northbound,Greenmount Beach,Toowong Village,Wednesday,2026-07-22,6,19,Australia/Brisbane,126.0,79.7,46.4,0.582,108.76,M1
2026-07-22T07:39:35+10:00,20260722T073935-567c2662,Southbound,Toowong Village,Greenmount Beach,Wednesday,2026-07-22,7,39,Australia/Brisbane,97.7,82.8,14.9,0.181,108.94,M1
2026-07-22T07:39:35+10:00,20260722T073935-567c2662,Northbound,Greenmount Beach,Toowong Village,Wednesday,2026-07-22,7,39,Australia/Brisbane,101.3,79.7,21.6,0.272,108.76,M1
2026-07-22T08:36:54+10:00,20260722T083654-1fef9a89,Southbound,Toowong Village,Greenmount Beach,Wednesday,2026-07-22,8,36,Australia/Brisbane,91.2,82.3,8.9,0.108,109.38,M1
2026-07-22T08:36:54+10:00,20260722T083654-1fef9a89,Northbound,Greenmount Beach,Toowong Village,Wednesday,2026-07-22,8,36,Australia/Brisbane,89.3,79.7,9.6,0.121,108.76,M1
2026-07-22T09:42:04+10:00,20260722T094204-cbbd005d,Southbound,Toowong Village,Greenmount Beach,Wednesday,2026-07-22,9,42,Australia/Brisbane,83.9,80.4,3.5,0.043,108.63,M1
2026-07-22T09:42:04+10:00,20260722T094204-cbbd005d,Northbound,Greenmount Beach,Toowong Village,Wednesday,2026-07-22,9,42,Australia/Brisbane,84.8,79.7,5.1,0.064,108.76,M1
2026-07-22T11:09:19+10:00,20260722T110919-ebc71ef9,Southbound,Toowong Village,Greenmount Beach,Wednesday,2026-07-22,11,9,Australia/Brisbane,81.8,80.4,1.4,0.017,108.63,M1
2026-07-22T11:09:19+10:00,20260722T110919-ebc71ef9,Northbound,Greenmount Beach,Toowong Village,Wednesday,2026-07-22,11,9,Australia/Brisbane,81.8,79.7,2.2,0.027,108.76,M1
2026-07-22T14:34:42+10:00,20260722T143442-3380124d,Southbound,Toowong Village,Greenmount Beach,Wednesday,2026-07-22,14,34,Australia/Brisbane,115.8,80.4,35.4,0.44,108.63,M1
2026-07-22T14:34:42+10:00,20260722T143442-3380124d,Northbound,Greenmount Beach,Toowong Village,Wednesday,2026-07-22,14,34,Australia/Brisbane,92.8,79.9,12.8,0.161,108.66,M1
2026-07-22T17:22:30+10:00,20260722T172230-a41ec85c,Southbound,Toowong Village,Greenmount Beach,Wednesday,2026-07-22,17,22,Australia/Brisbane,100.7,89.0,11.7,0.131,120.1,M1
2026-07-22T17:22:30+10:00,20260722T172230-a41ec85c,Northbound,Greenmount Beach,Toowong Village,Wednesday,2026-07-22,17,22,Australia/Brisbane,88.5,79.9,8.5,0.107,108.66,M1
2026-07-22T19:59:48+10:00,20260722T195948-2ea54938,Southbound,Toowong Village,Greenmount Beach,Wednesday,2026-07-22,19,59,Australia/Brisbane,78.4,80.4,-2.0,-0.025,108.63,M1
2026-07-22T19:59:48+10:00,20260722T195948-2ea54938,Northbound,Greenmount Beach,Toowong Village,Wednesday,2026-07-22,19,59,Australia/Brisbane,76.5,79.7,-3.2,-0.04,108.76,M1
2026-07-23T06:12:06+10:00,20260723T061206-e57f030e,Southbound,Toowong Village,Greenmount Beach,Thursday,2026-07-23,6,12,Australia/Brisbane,85.1,80.4,4.7,0.058,108.63,M1
2026-07-23T06:12:06+10:00,20260723T061206-e57f030e,Northbound,Greenmount Beach,Toowong Village,Thursday,2026-07-23,6,12,Australia/Brisbane,120.7,83.7,37.0,0.442,120.82,M1
2026-07-23T07:36:13+10:00,20260723T073613-8d8eb3a0,Southbound,Toowong Village,Greenmount Beach,Thursday,2026-07-23,7,36,Australia/Brisbane,102.5,82.8,19.7,0.238,108.94,M1
2026-07-23T07:36:13+10:00,20260723T073613-8d8eb3a0,Northbound,Greenmount Beach,Toowong Village,Thursday,2026-07-23,7,36,Australia/Brisbane,97.1,83.7,13.4,0.16,120.82,M1
2026-07-23T08:41:33+10:00,20260723T084133-668516c7,Southbound,Toowong Village,Greenmount Beach,Thursday,2026-07-23,8,41,Australia/Brisbane,94.1,82.3,11.8,0.143,109.38,M1
2026-07-23T08:41:33+10:00,20260723T084133-668516c7,Northbound,Greenmount Beach,Toowong Village,Thursday,2026-07-23,8,41,Australia/Brisbane,86.4,79.7,6.8,0.085,108.76,M1
2026-07-23T09:43:20+10:00,20260723T094320-663c0b1e,Southbound,Toowong Village,Greenmount Beach,Thursday,2026-07-23,9,43,Australia/Brisbane,87.1,80.4,6.7,0.083,108.63,M1
2026-07-23T09:43:20+10:00,20260723T094320-663c0b1e,Northbound,Greenmount Beach,Toowong Village,Thursday,2026-07-23,9,43,Australia/Brisbane,83.2,79.7,3.6,0.045,108.76,M1
2026-07-23T11:16:22+10:00,20260723T111622-9c9cca44,Southbound,Toowong Village,Greenmount Beach,Thursday,2026-07-23,11,16,Australia/Brisbane,83.3,80.4,2.9,0.036,108.63,M1
2026-07-23T11:16:22+10:00,20260723T111622-9c9cca44,Northbound,Greenmount Beach,Toowong Village,Thursday,2026-07-23,11,16,Australia/Brisbane,82.2,79.7,2.6,0.033,108.76,M1
2026-07-23T14:51:57+10:00,20260723T145157-1fcff796,Southbound,Toowong Village,Greenmount Beach,Thursday,2026-07-23,14,51,Australia/Brisbane,132.5,86.6,45.9,0.531,120.78,M1
2026-07-23T14:51:57+10:00,20260723T145157-1fcff796,Northbound,Greenmount Beach,Toowong Village,Thursday,2026-07-23,14,51,Australia/Brisbane,100.5,79.8,20.6,0.258,108.84,M1
2026-07-23T17:33:46+10:00,20260723T173346-cfde6d1c,Southbound,Toowong Village,Greenmount Beach,Thursday,2026-07-23,17,33,Australia/Brisbane,100.7,89.0,11.6,0.13,120.1,M1
2026-07-23T17:33:46+10:00,20260723T173346-cfde6d1c,Northbound,Greenmount Beach,Toowong Village,Thursday,2026-07-23,17,33,Australia/Brisbane,87.6,79.7,7.9,0.1,108.76,M1
2026-07-23T20:05:41+10:00,20260723T200541-64824bed,Southbound,Toowong Village,Greenmount Beach,Thursday,2026-07-23,20,5,Australia/Brisbane,78.4,80.4,-2.0,-0.025,108.63,M1
2026-07-23T20:05:41+10:00,20260723T200541-64824bed,Northbound,Greenmount Beach,Toowong Village,Thursday,2026-07-23,20,5,Australia/Brisbane,76.8,79.7,-2.8,-0.035,108.76,M1
2026-07-24T06:13:29+10:00,20260724T061329-7013ca08,Southbound,Toowong Village,Greenmount Beach,Friday,2026-07-24,6,13,Australia/Brisbane,80.2,80.4,-0.2,-0.002,108.63,M1
2026-07-24T06:13:29+10:00,20260724T061329-7013ca08,Northbound,Greenmount Beach,Toowong Village,Friday,2026-07-24,6,13,Australia/Brisbane,89.7,79.7,10.0,0.126,108.76,M1
2026-07-24T07:30:07+10:00,20260724T073007-e014f0e7,Southbound,Toowong Village,Greenmount Beach,Friday,2026-07-24,7,30,Australia/Brisbane,89.5,82.8,6.7,0.081,108.94,M1
2026-07-24T07:30:07+10:00,20260724T073007-e014f0e7,Northbound,Greenmount Beach,Toowong Village,Friday,2026-07-24,7,30,Australia/Brisbane,85.9,79.7,6.3,0.079,108.76,M1
2026-07-24T08:33:15+10:00,20260724T083315-0d26d667,Southbound,Toowong Village,Greenmount Beach,Friday,2026-07-24,8,33,Australia/Brisbane,89.0,82.7,6.3,0.076,119.99,M1
2026-07-24T08:33:15+10:00,20260724T083315-0d26d667,Northbound,Greenmount Beach,Toowong Village,Friday,2026-07-24,8,33,Australia/Brisbane,83.5,79.7,3.8,0.048,108.76,M1
2026-07-24T09:40:12+10:00,20260724T094012-5a462598,Southbound,Toowong Village,Greenmount Beach,Friday,2026-07-24,9,40,Australia/Brisbane,85.0,80.4,4.6,0.057,108.63,M1
2026-07-24T09:40:12+10:00,20260724T094012-5a462598,Northbound,Greenmount Beach,Toowong Village,Friday,2026-07-24,9,40,Australia/Brisbane,83.8,79.7,4.1,0.052,108.76,M1
2026-07-24T11:10:31+10:00,20260724T111031-513dc09e,Southbound,Toowong Village,Greenmount Beach,Friday,2026-07-24,11,10,Australia/Brisbane,90.0,80.4,9.6,0.119,108.63,M1
2026-07-24T11:10:31+10:00,20260724T111031-513dc09e,Northbound,Greenmount Beach,Toowong Village,Friday,2026-07-24,11,10,Australia/Brisbane,85.5,79.7,5.8,0.073,108.76,M1
2026-07-24T14:33:28+10:00,20260724T143328-7ffad465,Southbound,Toowong Village,Greenmount Beach,Friday,2026-07-24,14,33,Australia/Brisbane,133.4,83.8,49.5,0.591,114.34,M1
2026-07-24T14:33:28+10:00,20260724T143328-7ffad465,Northbound,Greenmount Beach,Toowong Village,Friday,2026-07-24,14,33,Australia/Brisbane,100.3,83.9,16.4,0.195,120.9,M1
2026-07-24T17:18:29+10:00,20260724T171829-bea3ee92,Southbound,Toowong Village,Greenmount Beach,Friday,2026-07-24,17,18,Australia/Brisbane,100.1,87.8,12.3,0.141,119.05,M1
2026-07-24T17:18:29+10:00,20260724T171829-bea3ee92,Northbound,Greenmount Beach,Toowong Village,Friday,2026-07-24,17,18,Australia/Brisbane,88.1,83.7,4.4,0.053,120.82,M1
2026-07-24T19:55:51+10:00,20260724T195551-e9693e33,Southbound,Toowong Village,Greenmount Beach,Friday,2026-07-24,19,55,Australia/Brisbane,77.5,80.4,-2.9,-0.036,108.63,M1
2026-07-24T19:55:51+10:00,20260724T195551-e9693e33,Northbound,Greenmount Beach,Toowong Village,Friday,2026-07-24,19,55,Australia/Brisbane,77.1,79.8,-2.6,-0.033,108.78,M1
2026-07-25T06:21:10+10:00,20260725T062110-a0d77afc,Southbound,Toowong Village,Greenmount Beach,Saturday,2026-07-25,6,21,Australia/Brisbane,75.5,80.4,-4.9,-0.061,108.63,M1
2026-07-25T06:21:10+10:00,20260725T062110-a0d77afc,Northbound,Greenmount Beach,Toowong Village,Saturday,2026-07-25,6,21,Australia/Brisbane,74.1,79.7,-5.6,-0.07,108.76,M1
2026-07-25T07:37:32+10:00,20260725T073732-1cd1f712,Southbound,Toowong Village,Greenmount Beach,Saturday,2026-07-25,7,37,Australia/Brisbane,77.4,80.4,-3.0,-0.037,108.63,M1
2026-07-25T07:37:32+10:00,20260725T073732-1cd1f712,Northbound,Greenmount Beach,Toowong Village,Saturday,2026-07-25,7,37,Australia/Brisbane,75.5,79.7,-4.2,-0.053,108.76,M1
2026-07-25T08:42:49+10:00,20260725T084249-86dc46d6,Southbound,Toowong Village,Greenmount Beach,Saturday,2026-07-25,8,42,Australia/Brisbane,83.2,80.4,2.8,0.035,108.63,M1
2026-07-25T08:42:49+10:00,20260725T084249-86dc46d6,Northbound,Greenmount Beach,Toowong Village,Saturday,2026-07-25,8,42,Australia/Brisbane,80.3,79.7,0.7,0.008,108.76,M1
2026-07-25T09:45:23+10:00,20260725T094523-75dd7261,Southbound,Toowong Village,Greenmount Beach,Saturday,2026-07-25,9,45,Australia/Brisbane,97.6,80.5,17.2,0.213,108.42,M1
2026-07-25T09:45:23+10:00,20260725T094523-75dd7261,Northbound,Greenmount Beach,Toowong Village,Saturday,2026-07-25,9,45,Australia/Brisbane,85.0,79.7,5.3,0.067,108.76,M1
2026-07-25T12:46:06+10:00,20260725T124606-0fd6dc6e,Southbound,Toowong Village,Greenmount Beach,Saturday,2026-07-25,12,46,Australia/Brisbane,104.8,82.7,22.1,0.267,119.99,M1
2026-07-25T12:46:06+10:00,20260725T124606-0fd6dc6e,Northbound,Greenmount Beach,Toowong Village,Saturday,2026-07-25,12,46,Australia/Brisbane,90.2,79.7,10.5,0.132,108.76,M1
2026-07-25T15:44:09+10:00,20260725T154409-72f7add7,Southbound,Toowong Village,Greenmount Beach,Saturday,2026-07-25,15,44,Australia/Brisbane,84.0,80.4,3.6,0.045,108.63,M1
2026-07-25T15:44:09+10:00,20260725T154409-72f7add7,Northbound,Greenmount Beach,Toowong Village,Saturday,2026-07-25,15,44,Australia/Brisbane,89.7,79.7,10.1,0.126,108.76,M1
2026-07-25T17:44:22+10:00,20260725T174422-a2830d3d,Southbound,Toowong Village,Greenmount Beach,Saturday,2026-07-25,17,44,Australia/Brisbane,83.0,82.7,0.3,0.004,119.99,M1
2026-07-25T17:44:22+10:00,20260725T174422-a2830d3d,Northbound,Greenmount Beach,Toowong Village,Saturday,2026-07-25,17,44,Australia/Brisbane,86.3,79.7,6.7,0.084,108.76,M1
2026-07-25T19:22:03+10:00,20260725T192203-1514e57e,Southbound,Toowong Village,Greenmount Beach,Saturday,2026-07-25,19,22,Australia/Brisbane,78.0,80.4,-2.4,-0.03,108.63,M1
2026-07-25T19:22:03+10:00,20260725T192203-1514e57e,Northbound,Greenmount Beach,Toowong Village,Saturday,2026-07-25,19,22,Australia/Brisbane,76.5,79.7,-3.1,-0.039,108.76,M1
2026-07-25T20:52:33+10:00,20260725T205233-8d15b056,Southbound,Toowong Village,Greenmount Beach,Saturday,2026-07-25,20,52,Australia/Brisbane,76.8,80.4,-3.6,-0.045,108.63,M1
2026-07-25T20:52:33+10:00,20260725T205233-8d15b056,Northbound,Greenmount Beach,Toowong Village,Saturday,2026-07-25,20,52,Australia/Brisbane,75.9,79.7,-3.7,-0.047,108.76,M1
2026-07-26T06:11:31+10:00,20260726T061131-807e9e4d,Southbound,Toowong Village,Greenmount Beach,Sunday,2026-07-26,6,11,Australia/Brisbane,75.0,80.4,-5.4,-0.067,108.63,M1
2026-07-26T06:11:31+10:00,20260726T061131-807e9e4d,Northbound,Greenmount Beach,Toowong Village,Sunday,2026-07-26,6,11,Australia/Brisbane,73.5,79.7,-6.2,-0.078,108.76,M1
2026-07-26T07:09:57+10:00,20260726T070957-ac755037,Southbound,Toowong Village,Greenmount Beach,Sunday,2026-07-26,7,9,Australia/Brisbane,76.8,80.4,-3.6,-0.045,108.63,M1
2026-07-26T07:09:57+10:00,20260726T070957-ac755037,Northbound,Greenmount Beach,Toowong Village,Sunday,2026-07-26,7,9,Australia/Brisbane,74.0,79.7,-5.7,-0.072,108.76,M1
2026-07-26T08:10:48+10:00,20260726T081048-2bcc7988,Southbound,Toowong Village,Greenmount Beach,Sunday,2026-07-26,8,10,Australia/Brisbane,78.2,80.4,-2.2,-0.028,108.63,M1
2026-07-26T08:10:48+10:00,20260726T081048-2bcc7988,Northbound,Greenmount Beach,Toowong Village,Sunday,2026-07-26,8,10,Australia/Brisbane,76.0,79.7,-3.7,-0.046,108.76,M1
2026-07-26T09:13:41+10:00,20260726T091341-ef6bc481,Southbound,Toowong Village,Greenmount Beach,Sunday,2026-07-26,9,13,Australia/Brisbane,81.9,80.4,1.4,0.018,108.63,M1
2026-07-26T09:13:41+10:00,20260726T091341-ef6bc481,Northbound,Greenmount Beach,Toowong Village,Sunday,2026-07-26,9,13,Australia/Brisbane,79.9,79.7,0.2,0.003,108.76,M1
2026-07-26T10:15:46+10:00,20260726T101546-fd12a924,Southbound,Toowong Village,Greenmount Beach,Sunday,2026-07-26,10,15,Australia/Brisbane,85.3,80.4,4.9,0.061,108.63,M1
2026-07-26T10:15:46+10:00,20260726T101546-fd12a924,Northbound,Greenmount Beach,Toowong Village,Sunday,2026-07-26,10,15,Australia/Brisbane,85.8,79.7,6.1,0.077,108.76,M1
2026-07-26T14:06:25+10:00,20260726T140625-a6c28630,Southbound,Toowong Village,Greenmount Beach,Sunday,2026-07-26,14,6,Australia/Brisbane,80.1,80.4,-0.3,-0.004,108.63,M1
2026-07-26T14:06:25+10:00,20260726T140625-a6c28630,Northbound,Greenmount Beach,Toowong Village,Sunday,2026-07-26,14,6,Australia/Brisbane,82.0,79.7,2.3,0.029,108.76,M1
2026-07-26T16:49:01+10:00,20260726T164901-d74714f9,Southbound,Toowong Village,Greenmount Beach,Sunday,2026-07-26,16,49,Australia/Brisbane,80.1,80.4,-0.3,-0.004,108.63,M1
2026-07-26T16:49:01+10:00,20260726T164901-d74714f9,Northbound,Greenmount Beach,Toowong Village,Sunday,2026-07-26,16,49,Australia/Brisbane,88.2,79.7,8.6,0.108,108.76,M1
2026-07-26T19:13:11+10:00,20260726T191311-2520f801,Southbound,Toowong Village,Greenmount Beach,Sunday,2026-07-26,19,13,Australia/Brisbane,77.0,80.4,-3.4,-0.042,108.63,M1
2026-07-26T19:13:11+10:00,20260726T191311-2520f801,Northbound,Greenmount Beach,Toowong Village,Sunday,2026-07-26,19,13,Australia/Brisbane,76.5,79.7,-3.1,-0.039,108.76,M1
2026-07-26T20:54:37+10:00,20260726T205437-7b795fb4,Southbound,Toowong Village,Greenmount Beach,Sunday,2026-07-26,20,54,Australia/Brisbane,77.4,81.5,-4.2,-0.051,106.47,M1
2026-07-26T20:54:37+10:00,20260726T205437-7b795fb4,Northbound,Greenmount Beach,Toowong Village,Sunday,2026-07-26,20,54,Australia/Brisbane,74.6,79.7,-5.1,-0.064,108.76,M1
2026-07-27T06:10:25+10:00,20260727T061025-aae35141,Southbound,Toowong Village,Greenmount Beach,Monday,2026-07-27,6,10,Australia/Brisbane,83.8,80.4,3.4,0.042,108.63,M1
2026-07-27T06:10:25+10:00,20260727T061025-aae35141,Northbound,Greenmount Beach,Toowong Village,Monday,2026-07-27,6,10,Australia/Brisbane,112.3,83.7,28.6,0.342,120.82,M1
2026-07-27T07:11:50+10:00,20260727T071150-2fe7390e,Southbound,Toowong Village,Greenmount Beach,Monday,2026-07-27,7,11,Australia/Brisbane,97.2,80.4,16.8,0.209,108.63,M1
2026-07-27T07:11:50+10:00,20260727T071150-2fe7390e,Northbound,Greenmount Beach,Toowong Village,Monday,2026-07-27,7,11,Australia/Brisbane,100.8,83.7,17.1,0.204,120.82,M1
2026-07-27T08:14:23+10:00,20260727T081423-b0a3514c,Southbound,Toowong Village,Greenmount Beach,Monday,2026-07-27,8,14,Australia/Brisbane,91.2,82.7,8.5,0.103,119.99,M1
2026-07-27T08:14:23+10:00,20260727T081423-b0a3514c,Northbound,Greenmount Beach,Toowong Village,Monday,2026-07-27,8,14,Australia/Brisbane,85.0,79.7,5.3,0.067,108.76,M1
2026-07-27T09:15:20+10:00,20260727T091520-ef1d53a6,Southbound,Toowong Village,Greenmount Beach,Monday,2026-07-27,9,15,Australia/Brisbane,84.2,80.4,3.7,0.046,108.63,M1
2026-07-27T09:15:20+10:00,20260727T091520-ef1d53a6,Northbound,Greenmount Beach,Toowong Village,Monday,2026-07-27,9,15,Australia/Brisbane,81.5,79.7,1.8,0.023,108.76,M1
2026-07-27T11:08:59+10:00,20260727T110859-4e9b6d68,Southbound,Toowong Village,Greenmount Beach,Monday,2026-07-27,11,8,Australia/Brisbane,81.8,80.5,1.3,0.016,108.42,M1
2026-07-27T11:08:59+10:00,20260727T110859-4e9b6d68,Northbound,Greenmount Beach,Toowong Village,Monday,2026-07-27,11,8,Australia/Brisbane,80.1,79.7,0.4,0.005,108.76,M1
2026-07-27T14:52:23+10:00,20260727T145223-dbb0e28a,Southbound,Toowong Village,Greenmount Beach,Monday,2026-07-27,14,52,Australia/Brisbane,106.2,80.5,25.7,0.32,108.42,M1
2026-07-27T14:52:23+10:00,20260727T145223-dbb0e28a,Northbound,Greenmount Beach,Toowong Village,Monday,2026-07-27,14,52,Australia/Brisbane,89.7,79.9,9.7,0.122,108.69,M1
2026-07-27T18:31:24+10:00,20260727T183124-a862b891,Southbound,Toowong Village,Greenmount Beach,Monday,2026-07-27,18,31,Australia/Brisbane,80.2,80.4,-0.2,-0.002,108.63,M1
2026-07-27T18:31:24+10:00,20260727T183124-a862b891,Northbound,Greenmount Beach,Toowong Village,Monday,2026-07-27,18,31,Australia/Brisbane,76.2,79.7,-3.4,-0.043,108.76,M1
2026-07-28T06:23:28+10:00,20260728T062328-e6b757ea,Southbound,Toowong Village,Greenmount Beach,Tuesday,2026-07-28,6,23,Australia/Brisbane,90.0,80.4,9.6,0.119,108.63,M1
2026-07-28T06:23:28+10:00,20260728T062328-e6b757ea,Northbound,Greenmount Beach,Toowong Village,Tuesday,2026-07-28,6,23,Australia/Brisbane,123.7,84.0,39.8,0.474,109.82,M1
2026-07-28T07:39:50+10:00,20260728T073950-dda9ae89,Southbound,Toowong Village,Greenmount Beach,Tuesday,2026-07-28,7,39,Australia/Brisbane,96.9,82.3,14.6,0.177,109.38,M1
2026-07-28T07:39:50+10:00,20260728T073950-dda9ae89,Northbound,Greenmount Beach,Toowong Village,Tuesday,2026-07-28,7,39,Australia/Brisbane,96.2,83.7,12.5,0.149,120.82,M1
2026-07-28T08:42:34+10:00,20260728T084234-a27e5a7a,Southbound,Toowong Village,Greenmount Beach,Tuesday,2026-07-28,8,42,Australia/Brisbane,88.3,82.7,5.6,0.068,119.99,M1
2026-07-28T08:42:34+10:00,20260728T084234-a27e5a7a,Northbound,Greenmount Beach,Toowong Village,Tuesday,2026-07-28,8,42,Australia/Brisbane,85.9,79.7,6.3,0.079,108.76,M1
2026-07-28T09:47:45+10:00,20260728T094745-e37e1f1a,Southbound,Toowong Village,Greenmount Beach,Tuesday,2026-07-28,9,47,Australia/Brisbane,82.3,80.4,1.9,0.023,108.63,M1
2026-07-28T09:47:45+10:00,20260728T094745-e37e1f1a,Northbound,Greenmount Beach,Toowong Village,Tuesday,2026-07-28,9,47,Australia/Brisbane,81.6,79.7,1.9,0.024,108.76,M1
2026-07-28T12:38:38+10:00,20260728T123838-5c569db1,Southbound,Toowong Village,Greenmount Beach,Tuesday,2026-07-28,12,38,Australia/Brisbane,87.8,80.4,7.4,0.092,108.63,M1
2026-07-28T12:38:38+10:00,20260728T123838-5c569db1,Northbound,Greenmount Beach,Toowong Village,Tuesday,2026-07-28,12,38,Australia/Brisbane,81.2,79.8,1.4,0.017,108.84,M1
2026-07-28T15:34:08+10:00,20260728T153408-d338ccea,Southbound,Toowong Village,Greenmount Beach,Tuesday,2026-07-28,15,34,Australia/Brisbane,127.7,88.8,39.0,0.439,115.92,M1
2026-07-28T15:34:08+10:00,20260728T153408-d338ccea,Northbound,Greenmount Beach,Toowong Village,Tuesday,2026-07-28,15,34,Australia/Brisbane,95.4,84.0,11.4,0.136,120.72,M1
2026-07-28T18:06:06+10:00,20260728T180606-73ed1410,Southbound,Toowong Village,Greenmount Beach,Tuesday,2026-07-28,18,6,Australia/Brisbane,83.2,80.5,2.8,0.034,108.42,M1
2026-07-28T18:06:06+10:00,20260728T180606-73ed1410,Northbound,Greenmount Beach,Toowong Village,Tuesday,2026-07-28,18,6,Australia/Brisbane,77.8,79.7,-1.9,-0.023,108.76,M1
2026-07-28T20:45:11+10:00,20260728T204511-c33f7874,Southbound,Toowong Village,Greenmount Beach,Tuesday,2026-07-28,20,45,Australia/Brisbane,77.7,80.4,-2.8,-0.034,108.63,M1
2026-07-28T20:45:11+10:00,20260728T204511-c33f7874,Northbound,Greenmount Beach,Toowong Village,Tuesday,2026-07-28,20,45,Australia/Brisbane,75.9,79.7,-3.8,-0.047,108.76,M1
2026-07-29T06:16:07+10:00,20260729T061607-f7110bdc,Southbound,Toowong Village,Greenmount Beach,Wednesday,2026-07-29,6,16,Australia/Brisbane,89.8,80.4,9.4,0.117,108.63,M1
2026-07-29T06:16:07+10:00,20260729T061607-f7110bdc,Northbound,Greenmount Beach,Toowong Village,Wednesday,2026-07-29,6,16,Australia/Brisbane,117.5,83.8,33.7,0.403,120.82,M1
2026-07-29T07:39:05+10:00,20260729T073905-0c1d356f,Southbound,Toowong Village,Greenmount Beach,Wednesday,2026-07-29,7,39,Australia/Brisbane,99.3,82.8,16.6,0.2,108.94,M1
2026-07-29T07:39:05+10:00,20260729T073905-0c1d356f,Northbound,Greenmount Beach,Toowong Village,Wednesday,2026-07-29,7,39,Australia/Brisbane,99.8,83.8,16.0,0.191,120.82,M1
2026-07-29T08:42:15+10:00,20260729T084215-99f6801f,Southbound,Toowong Village,Greenmount Beach,Wednesday,2026-07-29,8,42,Australia/Brisbane,90.9,82.3,8.6,0.105,109.38,M1
2026-07-29T08:42:15+10:00,20260729T084215-99f6801f,Northbound,Greenmount Beach,Toowong Village,Wednesday,2026-07-29,8,42,Australia/Brisbane,85.3,79.7,5.7,0.071,108.76,M1
2026-07-29T09:42:58+10:00,20260729T094258-57df7357,Southbound,Toowong Village,Greenmount Beach,Wednesday,2026-07-29,9,42,Australia/Brisbane,84.9,80.4,4.5,0.055,108.63,M1
2026-07-29T09:42:58+10:00,20260729T094258-57df7357,Northbound,Greenmount Beach,Toowong Village,Wednesday,2026-07-29,9,42,Australia/Brisbane,81.9,79.7,2.2,0.028,108.76,M1
2026-07-29T11:11:07+10:00,20260729T111107-aac72ef5,Southbound,Toowong Village,Greenmount Beach,Wednesday,2026-07-29,11,11,Australia/Brisbane,82.4,80.4,1.9,0.024,108.63,M1
2026-07-29T11:11:07+10:00,20260729T111107-aac72ef5,Northbound,Greenmount Beach,Toowong Village,Wednesday,2026-07-29,11,11,Australia/Brisbane,80.9,79.7,1.2,0.015,108.76,M1
2026-07-29T14:32:05+10:00,20260729T143205-3353939e,Southbound,Toowong Village,Greenmount Beach,Wednesday,2026-07-29,14,32,Australia/Brisbane,124.9,84.3,40.6,0.482,113.97,M1
2026-07-29T14:32:05+10:00,20260729T143205-3353939e,Northbound,Greenmount Beach,Toowong Village,Wednesday,2026-07-29,14,32,Australia/Brisbane,93.0,79.7,13.3,0.167,108.76,M1
2026-07-29T17:31:08+10:00,20260729T173108-24784b2b,Southbound,Toowong Village,Greenmount Beach,Wednesday,2026-07-29,17,31,Australia/Brisbane,103.8,89.0,14.7,0.165,120.1,M1
2026-07-29T17:31:08+10:00,20260729T173108-24784b2b,Northbound,Greenmount Beach,Toowong Village,Wednesday,2026-07-29,17,31,Australia/Brisbane,85.3,79.7,5.6,0.07,108.76,M1
2026-07-29T20:17:58+10:00,20260729T201758-de1014ba,Southbound,Toowong Village,Greenmount Beach,Wednesday,2026-07-29,20,17,Australia/Brisbane,78.2,80.4,-2.3,-0.028,108.63,M1
2026-07-29T20:17:58+10:00,20260729T201758-de1014ba,Northbound,Greenmount Beach,Toowong Village,Wednesday,2026-07-29,20,17,Australia/Brisbane,76.2,79.7,-3.5,-0.044,108.76,M1
2026-07-30T06:13:29+10:00,20260730T061329-430dc97a,Southbound,Toowong Village,Greenmount Beach,Thursday,2026-07-30,6,13,Australia/Brisbane,85.0,80.4,4.5,0.056,108.63,M1
2026-07-30T06:13:29+10:00,20260730T061329-430dc97a,Northbound,Greenmount Beach,Toowong Village,Thursday,2026-07-30,6,13,Australia/Brisbane,115.8,83.8,32.1,0.383,120.82,M1
2026-07-30T07:14:11+10:00,20260730T071411-74dc2dae,Southbound,Toowong Village,Greenmount Beach,Thursday,2026-07-30,7,14,Australia/Brisbane,101.7,80.4,21.3,0.264,108.63,M1
2026-07-30T07:14:11+10:00,20260730T071411-74dc2dae,Northbound,Greenmount Beach,Toowong Village,Thursday,2026-07-30,7,14,Australia/Brisbane,103.7,83.8,19.9,0.238,120.82,M1
2026-07-30T08:15:35+10:00,20260730T081535-32770043,Southbound,Toowong Village,Greenmount Beach,Thursday,2026-07-30,8,15,Australia/Brisbane,95.8,82.8,13.0,0.157,108.94,M1
2026-07-30T08:15:35+10:00,20260730T081535-32770043,Northbound,Greenmount Beach,Toowong Village,Thursday,2026-07-30,8,15,Australia/Brisbane,90.4,79.7,10.8,0.135,108.76,M1
2026-07-30T09:30:39+10:00,20260730T093039-160980cb,Southbound,Toowong Village,Greenmount Beach,Thursday,2026-07-30,9,30,Australia/Brisbane,86.5,80.5,6.0,0.075,108.42,M1
2026-07-30T09:30:39+10:00,20260730T093039-160980cb,Northbound,Greenmount Beach,Toowong Village,Thursday,2026-07-30,9,30,Australia/Brisbane,82.6,79.7,2.9,0.036,108.76,M1
2026-07-30T11:02:38+10:00,20260730T110238-5b2370f9,Southbound,Toowong Village,Greenmount Beach,Thursday,2026-07-30,11,2,Australia/Brisbane,82.8,80.4,2.4,0.029,108.63,M1
2026-07-30T11:02:38+10:00,20260730T110238-5b2370f9,Northbound,Greenmount Beach,Toowong Village,Thursday,2026-07-30,11,2,Australia/Brisbane,81.6,79.7,1.9,0.024,108.76,M1
2026-07-30T14:21:37+10:00,20260730T142137-e94c404b,Southbound,Toowong Village,Greenmount Beach,Thursday,2026-07-30,14,21,Australia/Brisbane,109.5,80.4,29.1,0.361,108.63,M1
2026-07-30T14:21:37+10:00,20260730T142137-e94c404b,Northbound,Greenmount Beach,Toowong Village,Thursday,2026-07-30,14,21,Australia/Brisbane,89.8,79.7,10.1,0.127,108.76,M1
2026-07-30T17:13:22+10:00,20260730T171322-2d577861,Southbound,Toowong Village,Greenmount Beach,Thursday,2026-07-30,17,13,Australia/Brisbane,108.6,83.8,24.7,0.295,114.34,M1
2026-07-30T17:13:22+10:00,20260730T171322-2d577861,Northbound,Greenmount Beach,Toowong Village,Thursday,2026-07-30,17,13,Australia/Brisbane,97.3,84.3,13.0,0.154,109.84,M1
2026-07-30T19:45:04+10:00,20260730T194504-d32b1532,Southbound,Toowong Village,Greenmount Beach,Thursday,2026-07-30,19,45,Australia/Brisbane,77.8,80.4,-2.6,-0.033,108.63,M1
2026-07-30T19:45:04+10:00,20260730T194504-d32b1532,Northbound,Greenmount Beach,Toowong Village,Thursday,2026-07-30,19,45,Australia/Brisbane,76.5,79.7,-3.2,-0.04,108.76,M1
2026-07-31T06:15:13+10:00,20260731T061513-49df580d,Southbound,Toowong Village,Greenmount Beach,Friday,2026-07-31,6,15,Australia/Brisbane,80.3,80.4,-0.1,-0.002,108.63,M1
2026-07-31T06:15:13+10:00,20260731T061513-49df580d,Northbound,Greenmount Beach,Toowong Village,Friday,2026-07-31,6,15,Australia/Brisbane,89.7,79.7,10.0,0.125,108.76,M1
2026-07-31T07:35:42+10:00,20260731T073542-38d607c9,Southbound,Toowong Village,Greenmount Beach,Friday,2026-07-31,7,35,Australia/Brisbane,90.2,80.4,9.8,0.122,108.63,M1
2026-07-31T07:35:42+10:00,20260731T073542-38d607c9,Northbound,Greenmount Beach,Toowong Village,Friday,2026-07-31,7,35,Australia/Brisbane,84.8,79.7,5.2,0.065,108.76,M1
2026-07-31T08:47:15+10:00,20260731T084715-cc143066,Southbound,Toowong Village,Greenmount Beach,Friday,2026-07-31,8,47,Australia/Brisbane,85.6,80.5,5.1,0.063,108.42,M1
2026-07-31T08:47:15+10:00,20260731T084715-cc143066,Northbound,Greenmount Beach,Toowong Village,Friday,2026-07-31,8,47,Australia/Brisbane,83.5,79.7,3.8,0.048,108.76,M1
2026-07-31T10:03:13+10:00,20260731T100313-507c03ff,Southbound,Toowong Village,Greenmount Beach,Friday,2026-07-31,10,3,Australia/Brisbane,87.7,80.4,7.2,0.09,108.63,M1
2026-07-31T10:03:13+10:00,20260731T100313-507c03ff,Northbound,Greenmount Beach,Toowong Village,Friday,2026-07-31,10,3,Australia/Brisbane,83.8,79.7,4.1,0.052,108.76,M1
2026-07-31T13:50:37+10:00,20260731T135037-e8b727c5,Southbound,Toowong Village,Greenmount Beach,Friday,2026-07-31,13,50,Australia/Brisbane,126.5,80.4,46.1,0.573,108.63,M1
2026-07-31T13:50:37+10:00,20260731T135037-e8b727c5,Northbound,Greenmount Beach,Toowong Village,Friday,2026-07-31,13,50,Australia/Brisbane,90.3,79.7,10.6,0.133,108.76,M1
2026-07-31T16:44:57+10:00,20260731T164457-0d2d1178,Southbound,Toowong Village,Greenmount Beach,Friday,2026-07-31,16,44,Australia/Brisbane,113.6,87.8,25.8,0.294,119.05,M1
2026-07-31T16:44:57+10:00,20260731T164457-0d2d1178,Northbound,Greenmount Beach,Toowong Village,Friday,2026-07-31,16,44,Australia/Brisbane,93.4,83.8,9.6,0.115,120.82,M1
2026-07-31T19:34:08+10:00,20260731T193408-872b8657,Southbound,Toowong Village,Greenmount Beach,Friday,2026-07-31,19,34,Australia/Brisbane,77.7,80.4,-2.8,-0.034,108.63,M1
2026-07-31T19:34:08+10:00,20260731T193408-872b8657,Northbound,Greenmount Beach,Toowong Village,Friday,2026-07-31,19,34,Australia/Brisbane,76.4,79.7,-3.3,-0.042,108.76,M1
2026-08-01T06:21:03+10:00,20260801T062103-f69f868d,Southbound,Toowong Village,Greenmount Beach,Saturday,2026-08-01,6,21,Australia/Brisbane,76.0,80.4,-4.5,-0.056,108.63,M1
2026-08-01T06:21:03+10:00,20260801T062103-f69f868d,Northbound,Greenmount Beach,Toowong Village,Saturday,2026-08-01,6,21,Australia/Brisbane,74.2,79.7,-5.5,-0.069,108.76,M1
2026-08-01T07:38:35+10:00,20260801T073835-0a74489d,Southbound,Toowong Village,Greenmount Beach,Saturday,2026-08-01,7,38,Australia/Brisbane,77.5,80.4,-2.9,-0.036,108.63,M1
2026-08-01T07:38:35+10:00,20260801T073835-0a74489d,Northbound,Greenmount Beach,Toowong Village,Saturday,2026-08-01,7,38,Australia/Brisbane,76.0,79.7,-3.7,-0.046,108.76,M1
2026-08-01T08:42:27+10:00,20260801T084227-a14aaf42,Southbound,Toowong Village,Greenmount Beach,Saturday,2026-08-01,8,42,Australia/Brisbane,82.9,80.4,2.5,0.031,108.63,M1
2026-08-01T08:42:27+10:00,20260801T084227-a14aaf42,Northbound,Greenmount Beach,Toowong Village,Saturday,2026-08-01,8,42,Australia/Brisbane,79.5,79.7,-0.1,-0.002,108.76,M1
2026-08-01T09:45:22+10:00,20260801T094522-df6a88f7,Southbound,Toowong Village,Greenmount Beach,Saturday,2026-08-01,9,45,Australia/Brisbane,95.5,80.4,15.1,0.188,108.63,M1
2026-08-01T09:45:22+10:00,20260801T094522-df6a88f7,Northbound,Greenmount Beach,Toowong Village,Saturday,2026-08-01,9,45,Australia/Brisbane,86.9,79.7,7.2,0.091,108.76,M1
2026-08-01T12:54:57+10:00,20260801T125457-55c61667,Southbound,Toowong Village,Greenmount Beach,Saturday,2026-08-01,12,54,Australia/Brisbane,103.8,82.7,21.1,0.255,119.99,M1
2026-08-01T12:54:57+10:00,20260801T125457-55c61667,Northbound,Greenmount Beach,Toowong Village,Saturday,2026-08-01,12,54,Australia/Brisbane,89.8,79.9,9.9,0.124,108.84,M1
2026-08-01T15:56:42+10:00,20260801T155642-10cfc511,Southbound,Toowong Village,Greenmount Beach,Saturday,2026-08-01,15,56,Australia/Brisbane,81.3,80.4,0.9,0.011,108.63,M1
2026-08-01T15:56:42+10:00,20260801T155642-10cfc511,Northbound,Greenmount Beach,Toowong Village,Saturday,2026-08-01,15,56,Australia/Brisbane,87.6,79.7,7.9,0.099,108.76,M1
2026-08-01T18:28:14+10:00,20260801T182814-2844e15e,Southbound,Toowong Village,Greenmount Beach,Saturday,2026-08-01,18,28,Australia/Brisbane,80.0,80.4,-0.5,-0.006,108.63,M1
2026-08-01T18:28:14+10:00,20260801T182814-2844e15e,Northbound,Greenmount Beach,Toowong Village,Saturday,2026-08-01,18,28,Australia/Brisbane,78.3,79.7,-1.4,-0.017,108.76,M1
2026-08-01T20:17:48+10:00,20260801T201748-cfe1b0ac,Southbound,Toowong Village,Greenmount Beach,Saturday,2026-08-01,20,17,Australia/Brisbane,77.5,80.4,-3.0,-0.037,108.63,M1
2026-08-01T20:17:48+10:00,20260801T201748-cfe1b0ac,Northbound,Greenmount Beach,Toowong Village,Saturday,2026-08-01,20,17,Australia/Brisbane,76.7,79.7,-3.0,-0.038,108.76,M1
2026-08-02T06:10:26+10:00,20260802T061026-b1425b7a,Southbound,Toowong Village,Greenmount Beach,Sunday,2026-08-02,6,10,Australia/Brisbane,75.2,80.4,-5.2,-0.065,108.63,M1
2026-08-02T06:10:26+10:00,20260802T061026-b1425b7a,Northbound,Greenmount Beach,Toowong Village,Sunday,2026-08-02,6,10,Australia/Brisbane,73.3,79.7,-6.3,-0.08,108.76,M1
2026-08-02T07:09:33+10:00,20260802T070933-7f3650b7,Southbound,Toowong Village,Greenmount Beach,Sunday,2026-08-02,7,9,Australia/Brisbane,76.1,80.4,-4.3,-0.054,108.63,M1
2026-08-02T07:09:33+10:00,20260802T070933-7f3650b7,Northbound,Greenmount Beach,Toowong Village,Sunday,2026-08-02,7,9,Australia/Brisbane,74.3,79.7,-5.4,-0.068,108.76,M1
2026-08-02T08:11:29+10:00,20260802T081129-0493f0b2,Southbound,Toowong Village,Greenmount Beach,Sunday,2026-08-02,8,11,Australia/Brisbane,78.4,80.4,-2.0,-0.025,108.63,M1
2026-08-02T08:11:29+10:00,20260802T081129-0493f0b2,Northbound,Greenmount Beach,Toowong Village,Sunday,2026-08-02,8,11,Australia/Brisbane,76.4,79.7,-3.3,-0.041,108.76,M1
2026-08-02T09:12:49+10:00,20260802T091249-bf3a5694,Southbound,Toowong Village,Greenmount Beach,Sunday,2026-08-02,9,12,Australia/Brisbane,81.5,80.5,1.0,0.012,108.42,M1
2026-08-02T09:12:49+10:00,20260802T091249-bf3a5694,Northbound,Greenmount Beach,Toowong Village,Sunday,2026-08-02,9,12,Australia/Brisbane,84.0,79.7,4.3,0.054,108.76,M1
2026-08-02T10:14:30+10:00,20260802T101430-56b6ef40,Southbound,Toowong Village,Greenmount Beach,Sunday,2026-08-02,10,14,Australia/Brisbane,86.0,80.4,5.5,0.069,108.63,M1
2026-08-02T10:14:30+10:00,20260802T101430-56b6ef40,Northbound,Greenmount Beach,Toowong Village,Sunday,2026-08-02,10,14,Australia/Brisbane,87.1,79.7,7.4,0.093,108.76,M1
2026-08-02T13:57:48+10:00,20260802T135748-ff4ea82c,Southbound,Toowong Village,Greenmount Beach,Sunday,2026-08-02,13,57,Australia/Brisbane,82.5,80.4,2.0,0.025,108.63,M1
2026-08-02T13:57:48+10:00,20260802T135748-ff4ea82c,Northbound,Greenmount Beach,Toowong Village,Sunday,2026-08-02,13,57,Australia/Brisbane,81.1,79.7,1.4,0.018,108.76,M1
2026-08-02T16:40:15+10:00,20260802T164015-a326361a,Southbound,Toowong Village,Greenmount Beach,Sunday,2026-08-02,16,40,Australia/Brisbane,80.3,80.4,-0.1,-0.001,108.63,M1
2026-08-02T16:40:15+10:00,20260802T164015-a326361a,Northbound,Greenmount Beach,Toowong Village,Sunday,2026-08-02,16,40,Australia/Brisbane,84.5,79.7,4.8,0.06,108.76,M1
2026-08-02T18:59:42+10:00,20260802T185942-bd34e7f4,Southbound,Toowong Village,Greenmount Beach,Sunday,2026-08-02,18,59,Australia/Brisbane,77.0,80.4,-3.5,-0.043,108.63,M1
2026-08-02T18:59:42+10:00,20260802T185942-bd34e7f4,Northbound,Greenmount Beach,Toowong Village,Sunday,2026-08-02,18,59,Australia/Brisbane,76.0,79.7,-3.7,-0.047,108.76,M1
2026-08-02T20:46:42+10:00,20260802T204642-8db7d62e,Southbound,Toowong Village,Greenmount Beach,Sunday,2026-08-02,20,46,Australia/Brisbane,78.4,80.4,-2.1,-0.026,108.63,M1
2026-08-02T20:46:42+10:00,20260802T204642-8db7d62e,Northbound,Greenmount Beach,Toowong Village,Sunday,2026-08-02,20,46,Australia/Brisbane,74.9,79.7,-4.8,-0.06,108.76,M1
2026-08-03T06:11:19+10:00,20260803T061119-a7f1f139,Southbound,Toowong Village,Greenmount Beach,Monday,2026-08-03,6,11,Australia/Brisbane,90.0,80.4,9.6,0.119,108.63,M1
2026-08-03T06:11:19+10:00,20260803T061119-a7f1f139,Northbound,Greenmount Beach,Toowong Village,Monday,2026-08-03,6,11,Australia/Brisbane,113.8,83.8,30.1,0.359,120.82,M1
2026-08-03T07:11:11+10:00,20260803T071111-98b1c09e,Southbound,Toowong Village,Greenmount Beach,Monday,2026-08-03,7,11,Australia/Brisbane,100.8,80.4,20.4,0.253,108.63,M1
2026-08-03T07:11:11+10:00,20260803T071111-98b1c09e,Northbound,Greenmount Beach,Toowong Village,Monday,2026-08-03,7,11,Australia/Brisbane,104.4,83.8,20.7,0.247,120.82,M1
2026-08-03T08:10:45+10:00,20260803T081045-9c69c111,Southbound,Toowong Village,Greenmount Beach,Monday,2026-08-03,8,10,Australia/Brisbane,92.5,82.7,9.8,0.118,119.99,M1
2026-08-03T08:10:45+10:00,20260803T081045-9c69c111,Northbound,Greenmount Beach,Toowong Village,Monday,2026-08-03,8,10,Australia/Brisbane,89.6,79.7,9.9,0.125,108.76,M1
2026-08-03T09:12:44+10:00,20260803T091244-2bacbd82,Southbound,Toowong Village,Greenmount Beach,Monday,2026-08-03,9,12,Australia/Brisbane,84.2,80.4,3.8,0.047,108.63,M1
2026-08-03T09:12:44+10:00,20260803T091244-2bacbd82,Northbound,Greenmount Beach,Toowong Village,Monday,2026-08-03,9,12,Australia/Brisbane,82.0,79.7,2.3,0.029,108.76,M1
2026-08-03T10:14:36+10:00,20260803T101436-4aa4997a,Southbound,Toowong Village,Greenmount Beach,Monday,2026-08-03,10,14,Australia/Brisbane,82.1,80.4,1.7,0.021,108.63,M1
2026-08-03T10:14:36+10:00,20260803T101436-4aa4997a,Northbound,Greenmount Beach,Toowong Village,Monday,2026-08-03,10,14,Australia/Brisbane,81.2,79.7,1.6,0.019,108.76,M1
2026-08-03T13:59:57+10:00,20260803T135957-c23269cb,Southbound,Toowong Village,Greenmount Beach,Monday,2026-08-03,13,59,Australia/Brisbane,86.5,80.4,6.0,0.075,108.63,M1
2026-08-03T13:59:57+10:00,20260803T135957-c23269cb,Northbound,Greenmount Beach,Toowong Village,Monday,2026-08-03,13,59,Australia/Brisbane,83.7,79.7,4.0,0.051,108.76,M1
2026-08-03T17:38:00+10:00,20260803T173800-e04d3d7d,Southbound,Toowong Village,Greenmount Beach,Monday,2026-08-03,17,38,Australia/Brisbane,90.5,81.1,9.4,0.115,108.53,M1
2026-08-03T17:38:00+10:00,20260803T173800-e04d3d7d,Northbound,Greenmount Beach,Toowong Village,Monday,2026-08-03,17,38,Australia/Brisbane,83.5,79.7,3.8,0.048,108.76,M1
2026-08-03T20:58:18+10:00,20260803T205818-1afd1753,Southbound,Toowong Village,Greenmount Beach,Monday,2026-08-03,20,58,Australia/Brisbane,78.5,80.4,-2.0,-0.025,108.63,M1
2026-08-03T20:58:18+10:00,20260803T205818-1afd1753,Northbound,Greenmount Beach,Toowong Village,Monday,2026-08-03,20,58,Australia/Brisbane,76.5,79.7,-3.2,-0.04,108.76,M1
2026-08-04T06:27:13+10:00,20260804T062713-eff2b29e,Southbound,Toowong Village,Greenmount Beach,Tuesday,2026-08-04,6,27,Australia/Brisbane,87.8,80.4,7.3,0.091,108.63,M1
2026-08-04T06:27:13+10:00,20260804T062713-eff2b29e,Northbound,Greenmount Beach,Toowong Village,Tuesday,2026-08-04,6,27,Australia/Brisbane,121.6,79.7,41.9,0.526,108.76,M1
2026-08-04T07:43:03+10:00,20260804T074303-17bbcde2,Southbound,Toowong Village,Greenmount Beach,Tuesday,2026-08-04,7,43,Australia/Brisbane,97.1,82.7,14.4,0.174,119.99,M1
2026-08-04T07:43:03+10:00,20260804T074303-17bbcde2,Northbound,Greenmount Beach,Toowong Village,Tuesday,2026-08-04,7,43,Australia/Brisbane,104.0,79.7,24.3,0.305,108.76,M1
2026-08-04T08:42:45+10:00,20260804T084245-7bd6957e,Southbound,Toowong Village,Greenmount Beach,Tuesday,2026-08-04,8,42,Australia/Brisbane,92.1,82.7,9.4,0.114,119.99,M1
2026-08-04T08:42:45+10:00,20260804T084245-7bd6957e,Northbound,Greenmount Beach,Toowong Village,Tuesday,2026-08-04,8,42,Australia/Brisbane,89.8,83.8,6.0,0.072,120.82,M1
2026-08-04T09:50:04+10:00,20260804T095004-7392cdc0,Southbound,Toowong Village,Greenmount Beach,Tuesday,2026-08-04,9,50,Australia/Brisbane,91.9,80.4,11.5,0.143,108.63,M1
2026-08-04T09:50:04+10:00,20260804T095004-7392cdc0,Northbound,Greenmount Beach,Toowong Village,Tuesday,2026-08-04,9,50,Australia/Brisbane,84.4,79.7,4.8,0.06,108.76,M1
2026-08-04T12:39:46+10:00,20260804T123946-3aed747e,Southbound,Toowong Village,Greenmount Beach,Tuesday,2026-08-04,12,39,Australia/Brisbane,81.2,80.4,0.7,0.009,108.63,M1
2026-08-04T12:39:46+10:00,20260804T123946-3aed747e,Northbound,Greenmount Beach,Toowong Village,Tuesday,2026-08-04,12,39,Australia/Brisbane,84.2,79.7,4.5,0.056,108.76,M1
2026-08-04T15:34:08+10:00,20260804T153408-e95881a1,Southbound,Toowong Village,Greenmount Beach,Tuesday,2026-08-04,15,34,Australia/Brisbane,132.4,88.4,44.0,0.498,115.61,M1
2026-08-04T15:34:08+10:00,20260804T153408-e95881a1,Northbound,Greenmount Beach,Toowong Village,Tuesday,2026-08-04,15,34,Australia/Brisbane,105.8,80.0,25.8,0.323,108.69,M1
2026-08-04T18:08:59+10:00,20260804T180859-16c0a881,Southbound,Toowong Village,Greenmount Beach,Tuesday,2026-08-04,18,8,Australia/Brisbane,87.6,80.5,7.1,0.089,108.42,M1
2026-08-04T18:08:59+10:00,20260804T180859-16c0a881,Northbound,Greenmount Beach,Toowong Village,Tuesday,2026-08-04,18,8,Australia/Brisbane,77.3,79.7,-2.4,-0.03,108.76,M1
2026-08-04T20:49:51+10:00,20260804T204951-0caf53d0,Southbound,Toowong Village,Greenmount Beach,Tuesday,2026-08-04,20,49,Australia/Brisbane,81.2,80.4,0.7,0.009,108.63,M1
2026-08-04T20:49:51+10:00,20260804T204951-0caf53d0,Northbound,Greenmount Beach,Toowong Village,Tuesday,2026-08-04,20,49,Australia/Brisbane,75.5,79.7,-4.1,-0.052,108.76,M1
2026-08-05T06:25:45+10:00,20260805T062545-e6bc6765,Southbound,Toowong Village,Greenmount Beach,Wednesday,2026-08-05,6,25,Australia/Brisbane,90.2,80.4,9.9,0.123,108.63,M1
2026-08-05T06:25:45+10:00,20260805T062545-e6bc6765,Northbound,Greenmount Beach,Toowong Village,Wednesday,2026-08-05,6,25,Australia/Brisbane,111.7,84.5,27.2,0.322,110.94,M1
2026-08-05T07:49:44+10:00,20260805T074944-8a5a0590,Southbound,Toowong Village,Greenmount Beach,Wednesday,2026-08-05,7,49,Australia/Brisbane,97.6,81.8,15.7,0.192,109.45,M1
2026-08-05T07:49:44+10:00,20260805T074944-8a5a0590,Northbound,Greenmount Beach,Toowong Village,Wednesday,2026-08-05,7,49,Australia/Brisbane,96.4,79.7,16.7,0.21,108.76,M1
2026-08-05T09:04:31+10:00,20260805T090431-8aacbad3,Southbound,Toowong Village,Greenmount Beach,Wednesday,2026-08-05,9,4,Australia/Brisbane,86.4,80.5,5.9,0.073,108.93,M1
2026-08-05T09:04:31+10:00,20260805T090431-8aacbad3,Northbound,Greenmount Beach,Toowong Village,Wednesday,2026-08-05,9,4,Australia/Brisbane,82.7,79.8,2.9,0.036,108.91,M1
2026-08-05T10:14:54+10:00,20260805T101454-5a79e063,Southbound,Toowong Village,Greenmount Beach,Wednesday,2026-08-05,10,14,Australia/Brisbane,82.1,80.5,1.6,0.019,108.93,M1
2026-08-05T10:14:54+10:00,20260805T101454-5a79e063,Northbound,Greenmount Beach,Toowong Village,Wednesday,2026-08-05,10,14,Australia/Brisbane,80.8,79.7,1.1,0.014,108.76,M1
2026-08-05T13:39:27+10:00,20260805T133927-9e8c0a24,Southbound,Toowong Village,Greenmount Beach,Wednesday,2026-08-05,13,39,Australia/Brisbane,94.2,80.4,13.8,0.172,108.63,M1
2026-08-05T13:39:27+10:00,20260805T133927-9e8c0a24,Northbound,Greenmount Beach,Toowong Village,Wednesday,2026-08-05,13,39,Australia/Brisbane,87.1,79.8,7.3,0.091,108.91,M1
2026-08-05T16:12:29+10:00,20260805T161229-3b8fc950,Southbound,Toowong Village,Greenmount Beach,Wednesday,2026-08-05,16,12,Australia/Brisbane,131.6,83.9,47.7,0.569,114.34,M1
2026-08-05T16:12:29+10:00,20260805T161229-3b8fc950,Northbound,Greenmount Beach,Toowong Village,Wednesday,2026-08-05,16,12,Australia/Brisbane,108.5,84.0,24.5,0.292,120.75,M1
2026-08-05T19:08:04+10:00,20260805T190804-f00b12d7,Southbound,Toowong Village,Greenmount Beach,Wednesday,2026-08-05,19,8,Australia/Brisbane,77.8,80.4,-2.5,-0.031,108.63,M1
2026-08-05T19:08:04+10:00,20260805T190804-f00b12d7,Northbound,Greenmount Beach,Toowong Village,Wednesday,2026-08-05,19,8,Australia/Brisbane,76.7,79.7,-3.0,-0.037,108.76,M1
2026-08-06T06:26:56+10:00,20260806T062656-d7bd1e52,Southbound,Toowong Village,Greenmount Beach,Thursday,2026-08-06,6,26,Australia/Brisbane,89.2,80.4,8.9,0.11,108.63,M1
2026-08-06T06:26:56+10:00,20260806T062656-d7bd1e52,Northbound,Greenmount Beach,Toowong Village,Thursday,2026-08-06,6,26,Australia/Brisbane,106.4,84.5,21.9,0.259,110.94,M1
2026-08-06T07:49:15+10:00,20260806T074915-d7b3fd3d,Southbound,Toowong Village,Greenmount Beach,Thursday,2026-08-06,7,49,Australia/Brisbane,99.0,82.3,16.6,0.202,109.0,M1
2026-08-06T07:49:15+10:00,20260806T074915-d7b3fd3d,Northbound,Greenmount Beach,Toowong Village,Thursday,2026-08-06,7,49,Australia/Brisbane,92.9,79.7,13.2,0.166,108.76,M1
2026-08-06T09:00:32+10:00,20260806T090032-128d6907,Southbound,Toowong Village,Greenmount Beach,Thursday,2026-08-06,9,0,Australia/Brisbane,87.5,80.4,7.2,0.089,108.63,M1
2026-08-06T09:00:32+10:00,20260806T090032-128d6907,Northbound,Greenmount Beach,Toowong Village,Thursday,2026-08-06,9,0,Australia/Brisbane,84.9,79.7,5.2,0.066,108.76,M1
2026-08-06T10:10:03+10:00,20260806T101003-84db0c08,Southbound,Toowong Village,Greenmount Beach,Thursday,2026-08-06,10,10,Australia/Brisbane,82.6,80.4,2.2,0.028,109.25,M1
2026-08-06T10:10:03+10:00,20260806T101003-84db0c08,Northbound,Greenmount Beach,Toowong Village,Thursday,2026-08-06,10,10,Australia/Brisbane,81.4,79.8,1.6,0.02,108.91,M1
2026-08-06T13:38:01+10:00,20260806T133801-a55fcd02,Southbound,Toowong Village,Greenmount Beach,Thursday,2026-08-06,13,38,Australia/Brisbane,87.5,80.4,7.1,0.088,108.63,M1
2026-08-06T13:38:01+10:00,20260806T133801-a55fcd02,Northbound,Greenmount Beach,Toowong Village,Thursday,2026-08-06,13,38,Australia/Brisbane,84.5,79.7,4.8,0.06,108.76,M1
2026-08-06T16:15:29+10:00,20260806T161529-c78bb003,Southbound,Toowong Village,Greenmount Beach,Thursday,2026-08-06,16,15,Australia/Brisbane,129.4,83.9,45.6,0.543,114.34,M1
2026-08-06T16:15:29+10:00,20260806T161529-c78bb003,Northbound,Greenmount Beach,Toowong Village,Thursday,2026-08-06,16,15,Australia/Brisbane,105.2,84.1,21.1,0.251,120.72,M1
2026-08-06T19:21:45+10:00,20260806T192145-1b19c739,Southbound,Toowong Village,Greenmount Beach,Thursday,2026-08-06,19,21,Australia/Brisbane,77.9,80.4,-2.5,-0.031,108.63,M1
2026-08-06T19:21:45+10:00,20260806T192145-1b19c739,Northbound,Greenmount Beach,Toowong Village,Thursday,2026-08-06,19,21,Australia/Brisbane,76.2,79.7,-3.5,-0.044,108.76,M1
2026-08-07T10:40:44+10:00,20260807T104044-c0202199,Southbound,Toowong Village,Greenmount Beach,Friday,2026-08-07,10,40,Australia/Brisbane,89.5,80.6,8.9,0.11,109.11,M1
2026-08-07T10:40:44+10:00,20260807T104044-c0202199,Northbound,Greenmount Beach,Toowong Village,Friday,2026-08-07,10,40,Australia/Brisbane,83.0,79.7,3.3,0.041,108.76,M1
2026-08-07T13:39:21+10:00,20260807T133921-f76296eb,Southbound,Toowong Village,Greenmount Beach,Friday,2026-08-07,13,39,Australia/Brisbane,117.4,80.4,37.0,0.46,108.63,M1
2026-08-07T13:39:21+10:00,20260807T133921-f76296eb,Northbound,Greenmount Beach,Toowong Village,Friday,2026-08-07,13,39,Australia/Brisbane,90.5,79.8,10.7,0.134,108.91,M1
2026-08-07T15:23:55+10:00,20260807T152355-a14816ec,Southbound,Toowong Village,Greenmount Beach,Friday,2026-08-07,15,23,Australia/Brisbane,135.7,83.9,51.9,0.618,114.34,M1
2026-08-07T15:23:55+10:00,20260807T152355-a14816ec,Northbound,Greenmount Beach,Toowong Village,Friday,2026-08-07,15,23,Australia/Brisbane,104.7,84.3,20.3,0.241,120.71,M1
2026-08-07T16:47:10+10:00,20260807T164710-eaf99e47,Southbound,Toowong Village,Greenmount Beach,Friday,2026-08-07,16,47,Australia/Brisbane,112.5,84.0,28.5,0.339,114.49,M1
2026-08-07T16:47:10+10:00,20260807T164710-eaf99e47,Northbound,Greenmount Beach,Toowong Village,Friday,2026-08-07,16,47,Australia/Brisbane,97.4,83.8,13.6,0.163,120.82,M1
2026-08-07T18:15:11+10:00,20260807T181511-c2e61b14,Southbound,Toowong Village,Greenmount Beach,Friday,2026-08-07,18,15,Australia/Brisbane,87.1,80.5,6.6,0.082,108.77,M1
2026-08-07T18:15:11+10:00,20260807T181511-c2e61b14,Northbound,Greenmount Beach,Toowong Village,Friday,2026-08-07,18,15,Australia/Brisbane,80.3,79.7,0.7,0.008,108.76,M1
2026-08-07T19:18:11+10:00,20260807T191811-47fcb14a,Southbound,Toowong Village,Greenmount Beach,Friday,2026-08-07,19,18,Australia/Brisbane,78.5,80.4,-1.8,-0.023,108.63,M1
2026-08-07T19:18:11+10:00,20260807T191811-47fcb14a,Northbound,Greenmount Beach,Toowong Village,Friday,2026-08-07,19,18,Australia/Brisbane,76.4,79.7,-3.3,-0.041,108.76,M1
2026-08-07T20:26:36+10:00,20260807T202636-36acefdb,Southbound,Toowong Village,Greenmount Beach,Friday,2026-08-07,20,26,Australia/Brisbane,77.3,80.4,-3.0,-0.038,108.63,M1
2026-08-07T20:26:36+10:00,20260807T202636-36acefdb,Northbound,Greenmount Beach,Toowong Village,Friday,2026-08-07,20,26,Australia/Brisbane,76.6,79.7,-3.1,-0.038,108.76,M1
2026-08-08T05:52:51+10:00,20260808T055251-80fbe5d1,Southbound,Toowong Village,Greenmount Beach,Saturday,2026-08-08,5,52,Australia/Brisbane,74.8,80.5,-5.7,-0.071,108.77,M1
2026-08-08T05:52:51+10:00,20260808T055251-80fbe5d1,Northbound,Greenmount Beach,Toowong Village,Saturday,2026-08-08,5,52,Australia/Brisbane,73.6,79.7,-6.1,-0.076,108.76,M1
2026-08-08T06:41:54+10:00,20260808T064154-b81793b2,Southbound,Toowong Village,Greenmount Beach,Saturday,2026-08-08,6,41,Australia/Brisbane,75.5,80.5,-5.0,-0.062,108.77,M1
2026-08-08T06:41:54+10:00,20260808T064154-b81793b2,Northbound,Greenmount Beach,Toowong Village,Saturday,2026-08-08,6,41,Australia/Brisbane,74.5,79.7,-5.2,-0.065,108.76,M1
2026-08-08T07:22:44+10:00,20260808T072244-b2dc8879,Southbound,Toowong Village,Greenmount Beach,Saturday,2026-08-08,7,22,Australia/Brisbane,76.7,80.6,-4.0,-0.049,109.11,M1
2026-08-08T07:22:44+10:00,20260808T072244-b2dc8879,Northbound,Greenmount Beach,Toowong Village,Saturday,2026-08-08,7,22,Australia/Brisbane,75.7,79.7,-4.0,-0.051,108.76,M1
2026-08-08T08:06:22+10:00,20260808T080622-349f86e9,Southbound,Toowong Village,Greenmount Beach,Saturday,2026-08-08,8,6,Australia/Brisbane,79.0,80.5,-1.5,-0.019,108.93,M1
2026-08-08T08:06:22+10:00,20260808T080622-349f86e9,Northbound,Greenmount Beach,Toowong Village,Saturday,2026-08-08,8,6,Australia/Brisbane,77.4,79.7,-2.3,-0.029,108.76,M1
2026-08-08T08:55:27+10:00,20260808T085527-f961b47c,Southbound,Toowong Village,Greenmount Beach,Saturday,2026-08-08,8,55,Australia/Brisbane,85.3,80.5,4.8,0.059,108.93,M1
2026-08-08T08:55:27+10:00,20260808T085527-f961b47c,Northbound,Greenmount Beach,Toowong Village,Saturday,2026-08-08,8,55,Australia/Brisbane,81.7,79.7,2.0,0.025,108.76,M1
2026-08-08T09:35:30+10:00,20260808T093530-8ad49f01,Southbound,Toowong Village,Greenmount Beach,Saturday,2026-08-08,9,35,Australia/Brisbane,94.0,80.5,13.5,0.167,108.93,M1
2026-08-08T09:35:30+10:00,20260808T093530-8ad49f01,Northbound,Greenmount Beach,Toowong Village,Saturday,2026-08-08,9,35,Australia/Brisbane,84.9,79.7,5.2,0.065,108.76,M1
2026-08-08T10:30:37+10:00,20260808T103037-ab5f4cde,Southbound,Toowong Village,Greenmount Beach,Saturday,2026-08-08,10,30,Australia/Brisbane,110.0,82.8,27.2,0.329,120.29,M1
2026-08-08T10:30:37+10:00,20260808T103037-ab5f4cde,Northbound,Greenmount Beach,Toowong Village,Saturday,2026-08-08,10,30,Australia/Brisbane,90.4,79.7,10.7,0.135,108.76,M1
2026-08-08T12:35:15+10:00,20260808T123515-7c13ae4a,Southbound,Toowong Village,Greenmount Beach,Saturday,2026-08-08,12,35,Australia/Brisbane,105.4,82.9,22.5,0.272,120.46,M1
2026-08-08T12:35:15+10:00,20260808T123515-7c13ae4a,Northbound,Greenmount Beach,Toowong Village,Saturday,2026-08-08,12,35,Australia/Brisbane,88.3,79.8,8.5,0.106,108.91,M1
2026-08-08T13:57:26+10:00,20260808T135726-ff46a375,Southbound,Toowong Village,Greenmount Beach,Saturday,2026-08-08,13,57,Australia/Brisbane,93.1,80.5,12.6,0.156,108.93,M1
2026-08-08T13:57:26+10:00,20260808T135726-ff46a375,Northbound,Greenmount Beach,Toowong Village,Saturday,2026-08-08,13,57,Australia/Brisbane,85.2,79.7,5.5,0.069,108.76,M1
2026-08-08T15:05:13+10:00,20260808T150513-b7ff3e84,Southbound,Toowong Village,Greenmount Beach,Saturday,2026-08-08,15,5,Australia/Brisbane,84.6,80.6,4.0,0.049,108.73,M1
2026-08-08T15:05:13+10:00,20260808T150513-b7ff3e84,Northbound,Greenmount Beach,Toowong Village,Saturday,2026-08-08,15,5,Australia/Brisbane,84.8,83.8,1.1,0.013,120.82,M1
2026-08-08T15:56:28+10:00,20260808T155628-f58c7cf8,Southbound,Toowong Village,Greenmount Beach,Saturday,2026-08-08,15,56,Australia/Brisbane,80.5,80.6,-0.1,-0.002,109.11,M1
2026-08-08T15:56:28+10:00,20260808T155628-f58c7cf8,Northbound,Greenmount Beach,Toowong Village,Saturday,2026-08-08,15,56,Australia/Brisbane,85.7,83.8,1.9,0.023,120.82,M1
2026-08-08T17:00:52+10:00,20260808T170052-88d2b4e6,Southbound,Toowong Village,Greenmount Beach,Saturday,2026-08-08,17,0,Australia/Brisbane,83.4,80.5,2.9,0.035,108.57,M1
2026-08-08T17:00:52+10:00,20260808T170052-88d2b4e6,Northbound,Greenmount Beach,Toowong Village,Saturday,2026-08-08,17,0,Australia/Brisbane,85.1,83.8,1.3,0.016,120.82,M1
2026-08-08T17:59:44+10:00,20260808T175944-19e7c52e,Southbound,Toowong Village,Greenmount Beach,Saturday,2026-08-08,17,59,Australia/Brisbane,82.7,81.6,1.1,0.014,109.42,M1
2026-08-08T17:59:44+10:00,20260808T175944-19e7c52e,Northbound,Greenmount Beach,Toowong Village,Saturday,2026-08-08,17,59,Australia/Brisbane,79.9,79.7,0.2,0.003,108.76,M1
2026-08-08T18:53:21+10:00,20260808T185321-cdd1797c,Southbound,Toowong Village,Greenmount Beach,Saturday,2026-08-08,18,53,Australia/Brisbane,79.8,81.6,-1.8,-0.022,109.42,M1
2026-08-08T18:53:21+10:00,20260808T185321-cdd1797c,Northbound,Greenmount Beach,Toowong Village,Saturday,2026-08-08,18,53,Australia/Brisbane,76.8,79.7,-2.9,-0.036,108.76,M1
2026-08-08T19:38:40+10:00,20260808T193840-414d2e62,Southbound,Toowong Village,Greenmount Beach,Saturday,2026-08-08,19,38,Australia/Brisbane,77.1,80.5,-3.4,-0.042,108.77,M1
2026-08-08T19:38:40+10:00,20260808T193840-414d2e62,Northbound,Greenmount Beach,Toowong Village,Saturday,2026-08-08,19,38,Australia/Brisbane,76.6,79.7,-3.0,-0.038,108.76,M1
2026-08-08T20:13:37+10:00,20260808T201337-0b07b920,Southbound,Toowong Village,Greenmount Beach,Saturday,2026-08-08,20,13,Australia/Brisbane,79.2,80.5,-1.2,-0.015,108.77,M1
2026-08-08T20:13:37+10:00,20260808T201337-0b07b920,Northbound,Greenmount Beach,Toowong Village,Saturday,2026-08-08,20,13,Australia/Brisbane,76.5,79.7,-3.2,-0.04,108.76,M1
2026-08-08T20:53:04+10:00,20260808T205304-bfa9db38,Southbound,Toowong Village,Greenmount Beach,Saturday,2026-08-08,20,53,Australia/Brisbane,78.1,80.4,-2.3,-0.029,108.63,M1
2026-08-08T20:53:04+10:00,20260808T205304-bfa9db38,Northbound,Greenmount Beach,Toowong Village,Saturday,2026-08-08,20,53,Australia/Brisbane,76.4,79.7,-3.3,-0.041,108.76,M1
2026-08-09T05:30:56+10:00,20260809T053056-2e0579c8,Southbound,Toowong Village,Greenmount Beach,Sunday,2026-08-09,5,30,Australia/Brisbane,73.3,80.5,-7.2,-0.089,108.77,M1
2026-08-09T05:30:56+10:00,20260809T053056-2e0579c8,Northbound,Greenmount Beach,Toowong Village,Sunday,2026-08-09,5,30,Australia/Brisbane,72.6,79.7,-7.1,-0.089,108.76,M1
2026-08-09T06:02:50+10:00,20260809T060250-4c1e9896,Southbound,Toowong Village,Greenmount Beach,Sunday,2026-08-09,6,2,Australia/Brisbane,74.3,80.5,-6.1,-0.076,108.77,M1
2026-08-09T06:02:50+10:00,20260809T060250-4c1e9896,Northbound,Greenmount Beach,Toowong Village,Sunday,2026-08-09,6,2,Australia/Brisbane,73.1,79.7,-6.6,-0.083,108.76,M1
2026-08-09T06:48:06+10:00,20260809T064806-d8dd80b0,Southbound,Toowong Village,Greenmount Beach,Sunday,2026-08-09,6,48,Australia/Brisbane,75.3,80.5,-5.2,-0.065,108.93,M1
2026-08-09T06:48:06+10:00,20260809T064806-d8dd80b0,Northbound,Greenmount Beach,Toowong Village,Sunday,2026-08-09,6,48,Australia/Brisbane,74.1,79.7,-5.6,-0.07,108.76,M1
2026-08-09T07:31:08+10:00,20260809T073108-41958179,Southbound,Toowong Village,Greenmount Beach,Sunday,2026-08-09,7,31,Australia/Brisbane,76.2,80.5,-4.3,-0.054,108.93,M1
2026-08-09T07:31:08+10:00,20260809T073108-41958179,Northbound,Greenmount Beach,Toowong Village,Sunday,2026-08-09,7,31,Australia/Brisbane,75.1,79.7,-4.6,-0.058,108.76,M1
2026-08-09T08:02:45+10:00,20260809T080245-a5f2bb51,Southbound,Toowong Village,Greenmount Beach,Sunday,2026-08-09,8,2,Australia/Brisbane,77.5,80.5,-3.0,-0.037,108.93,M1
2026-08-09T08:02:45+10:00,20260809T080245-a5f2bb51,Northbound,Greenmount Beach,Toowong Village,Sunday,2026-08-09,8,2,Australia/Brisbane,76.0,79.7,-3.7,-0.047,108.76,M1
2026-08-09T08:47:11+10:00,20260809T084711-9a089247,Southbound,Toowong Village,Greenmount Beach,Sunday,2026-08-09,8,47,Australia/Brisbane,83.0,80.5,2.5,0.031,108.93,M1
2026-08-09T08:47:11+10:00,20260809T084711-9a089247,Northbound,Greenmount Beach,Toowong Village,Sunday,2026-08-09,8,47,Australia/Brisbane,78.3,79.7,-1.4,-0.018,108.76,M1
2026-08-09T09:30:17+10:00,20260809T093017-5d0e30b0,Southbound,Toowong Village,Greenmount Beach,Sunday,2026-08-09,9,30,Australia/Brisbane,82.3,80.5,1.8,0.022,108.93,M1
2026-08-09T09:30:17+10:00,20260809T093017-5d0e30b0,Northbound,Greenmount Beach,Toowong Village,Sunday,2026-08-09,9,30,Australia/Brisbane,80.0,79.7,0.3,0.004,108.76,M1
2026-08-09T10:03:17+10:00,20260809T100317-909d051d,Southbound,Toowong Village,Greenmount Beach,Sunday,2026-08-09,10,3,Australia/Brisbane,84.3,81.7,2.6,0.032,106.78,M1
2026-08-09T10:03:17+10:00,20260809T100317-909d051d,Northbound,Greenmount Beach,Toowong Village,Sunday,2026-08-09,10,3,Australia/Brisbane,83.4,79.7,3.8,0.047,108.76,M1
2026-08-09T12:28:50+10:00,20260809T122850-218b3b57,Southbound,Toowong Village,Greenmount Beach,Sunday,2026-08-09,12,28,Australia/Brisbane,85.1,80.6,4.5,0.055,109.11,M1
2026-08-09T12:28:50+10:00,20260809T122850-218b3b57,Northbound,Greenmount Beach,Toowong Village,Sunday,2026-08-09,12,28,Australia/Brisbane,86.3,79.7,6.6,0.083,108.76,M1
2026-08-09T14:01:54+10:00,20260809T140154-2b5dc707,Southbound,Toowong Village,Greenmount Beach,Sunday,2026-08-09,14,1,Australia/Brisbane,78.9,80.6,-1.7,-0.021,109.11,M1
2026-08-09T14:01:54+10:00,20260809T140154-2b5dc707,Northbound,Greenmount Beach,Toowong Village,Sunday,2026-08-09,14,1,Australia/Brisbane,83.4,79.8,3.6,0.046,108.78,M1
2026-08-09T15:18:32+10:00,20260809T151832-65071b81,Southbound,Toowong Village,Greenmount Beach,Sunday,2026-08-09,15,18,Australia/Brisbane,78.3,80.5,-2.2,-0.027,108.77,M1
2026-08-09T15:18:32+10:00,20260809T151832-65071b81,Northbound,Greenmount Beach,Toowong Village,Sunday,2026-08-09,15,18,Australia/Brisbane,86.5,79.7,6.8,0.086,108.76,M1
2026-08-09T16:08:18+10:00,20260809T160818-e428b9a4,Southbound,Toowong Village,Greenmount Beach,Sunday,2026-08-09,16,8,Australia/Brisbane,78.8,80.5,-1.8,-0.022,108.93,M1
2026-08-09T16:08:18+10:00,20260809T160818-e428b9a4,Northbound,Greenmount Beach,Toowong Village,Sunday,2026-08-09,16,8,Australia/Brisbane,89.2,79.7,9.6,0.12,108.76,M1
2026-08-09T17:16:37+10:00,20260809T171637-bd086a70,Southbound,Toowong Village,Greenmount Beach,Sunday,2026-08-09,17,16,Australia/Brisbane,78.6,80.4,-1.8,-0.022,108.63,M1
2026-08-09T17:16:37+10:00,20260809T171637-bd086a70,Northbound,Greenmount Beach,Toowong Village,Sunday,2026-08-09,17,16,Australia/Brisbane,83.4,79.7,3.8,0.047,108.76,M1
2026-08-09T18:08:16+10:00,20260809T180816-953ff49b,Southbound,Toowong Village,Greenmount Beach,Sunday,2026-08-09,18,8,Australia/Brisbane,78.0,80.4,-2.4,-0.03,108.63,M1
2026-08-09T18:08:16+10:00,20260809T180816-953ff49b,Northbound,Greenmount Beach,Toowong Village,Sunday,2026-08-09,18,8,Australia/Brisbane,77.1,79.7,-2.6,-0.032,108.76,M1
2026-08-09T19:02:44+10:00,20260809T190244-54b4836d,Southbound,Toowong Village,Greenmount Beach,Sunday,2026-08-09,19,2,Australia/Brisbane,77.1,80.5,-3.4,-0.042,108.77,M1
2026-08-09T19:02:44+10:00,20260809T190244-54b4836d,Northbound,Greenmount Beach,Toowong Village,Sunday,2026-08-09,19,2,Australia/Brisbane,75.6,79.8,-4.2,-0.053,108.91,M1
2026-08-09T19:56:49+10:00,20260809T195649-106d8f76,Southbound,Toowong Village,Greenmount Beach,Sunday,2026-08-09,19,56,Australia/Brisbane,79.0,82.3,-3.4,-0.041,109.2,M1
2026-08-09T19:56:49+10:00,20260809T195649-106d8f76,Northbound,Greenmount Beach,Toowong Village,Sunday,2026-08-09,19,56,Australia/Brisbane,75.4,79.7,-4.2,-0.053,108.76,M1
2026-08-09T20:40:28+10:00,20260809T204028-9957dc16,Southbound,Toowong Village,Greenmount Beach,Sunday,2026-08-09,20,40,Australia/Brisbane,76.9,80.5,-3.6,-0.045,108.77,M1
2026-08-09T20:40:28+10:00,20260809T204028-9957dc16,Northbound,Greenmount Beach,Toowong Village,Sunday,2026-08-09,20,40,Australia/Brisbane,75.7,79.7,-4.0,-0.05,108.76,M1
2026-08-10T05:34:21+10:00,20260810T053421-20c7578b,Southbound,Toowong Village,Greenmount Beach,Monday,2026-08-10,5,34,Australia/Brisbane,78.1,80.5,-2.4,-0.03,108.77,M1
2026-08-10T05:34:21+10:00,20260810T053421-20c7578b,Northbound,Greenmount Beach,Toowong Village,Monday,2026-08-10,5,34,Australia/Brisbane,98.1,79.7,18.4,0.231,108.76,M1
2026-08-10T06:04:12+10:00,20260810T060412-9b4c5760,Southbound,Toowong Village,Greenmount Beach,Monday,2026-08-10,6,4,Australia/Brisbane,83.1,80.5,2.6,0.032,108.93,M1
2026-08-10T06:04:12+10:00,20260810T060412-9b4c5760,Northbound,Greenmount Beach,Toowong Village,Monday,2026-08-10,6,4,Australia/Brisbane,95.9,79.7,16.2,0.204,108.76,M1
2026-08-10T06:51:29+10:00,20260810T065129-6451d7e0,Southbound,Toowong Village,Greenmount Beach,Monday,2026-08-10,6,51,Australia/Brisbane,93.8,80.5,13.3,0.165,108.93,M1
2026-08-10T06:51:29+10:00,20260810T065129-6451d7e0,Northbound,Greenmount Beach,Toowong Village,Monday,2026-08-10,6,51,Australia/Brisbane,93.8,79.7,14.1,0.177,108.76,M1
2026-08-10T07:33:23+10:00,20260810T073323-b513a698,Southbound,Toowong Village,Greenmount Beach,Monday,2026-08-10,7,33,Australia/Brisbane,95.8,82.4,13.3,0.162,109.41,M1
2026-08-10T07:33:23+10:00,20260810T073323-b513a698,Northbound,Greenmount Beach,Toowong Village,Monday,2026-08-10,7,33,Australia/Brisbane,88.8,79.7,9.1,0.114,108.76,M1
2026-08-10T08:04:11+10:00,20260810T080411-a5455d16,Southbound,Toowong Village,Greenmount Beach,Monday,2026-08-10,8,4,Australia/Brisbane,91.4,82.2,9.1,0.111,109.38,M1
2026-08-10T08:04:11+10:00,20260810T080411-a5455d16,Northbound,Greenmount Beach,Toowong Village,Monday,2026-08-10,8,4,Australia/Brisbane,84.8,79.7,5.1,0.064,108.76,M1
2026-08-10T08:49:56+10:00,20260810T084956-c8c3f987,Southbound,Toowong Village,Greenmount Beach,Monday,2026-08-10,8,49,Australia/Brisbane,83.5,80.5,3.0,0.037,108.93,M1
2026-08-10T08:49:56+10:00,20260810T084956-c8c3f987,Northbound,Greenmount Beach,Toowong Village,Monday,2026-08-10,8,49,Australia/Brisbane,80.3,79.7,0.6,0.008,108.76,M1
2026-08-10T09:32:05+10:00,20260810T093205-ffaf47ca,Southbound,Toowong Village,Greenmount Beach,Monday,2026-08-10,9,32,Australia/Brisbane,82.0,80.5,1.5,0.018,108.93,M1
2026-08-10T09:32:05+10:00,20260810T093205-ffaf47ca,Northbound,Greenmount Beach,Toowong Village,Monday,2026-08-10,9,32,Australia/Brisbane,81.0,79.7,1.3,0.017,108.76,M1
2026-08-10T10:05:10+10:00,20260810T100510-7ef1a622,Southbound,Toowong Village,Greenmount Beach,Monday,2026-08-10,10,5,Australia/Brisbane,81.9,80.5,1.4,0.018,108.93,M1
2026-08-10T10:05:10+10:00,20260810T100510-7ef1a622,Northbound,Greenmount Beach,Toowong Village,Monday,2026-08-10,10,5,Australia/Brisbane,81.9,79.7,2.2,0.028,108.76,M1
2026-08-10T12:34:36+10:00,20260810T123436-3df70673,Southbound,Toowong Village,Greenmount Beach,Monday,2026-08-10,12,34,Australia/Brisbane,82.2,80.5,1.7,0.021,108.93,M1
2026-08-10T12:34:36+10:00,20260810T123436-3df70673,Northbound,Greenmount Beach,Toowong Village,Monday,2026-08-10,12,34,Australia/Brisbane,82.6,79.8,2.8,0.035,108.91,M1
2026-08-10T14:18:33+10:00,20260810T141833-48900b6e,Southbound,Toowong Village,Greenmount Beach,Monday,2026-08-10,14,18,Australia/Brisbane,90.4,80.4,10.1,0.125,108.63,M1
2026-08-10T14:18:33+10:00,20260810T141833-48900b6e,Northbound,Greenmount Beach,Toowong Village,Monday,2026-08-10,14,18,Australia/Brisbane,84.0,79.8,4.3,0.053,108.91,M1
2026-08-10T15:55:35+10:00,20260810T155535-d325dee6,Southbound,Toowong Village,Greenmount Beach,Monday,2026-08-10,15,55,Australia/Brisbane,90.5,80.5,10.1,0.125,108.42,M1
2026-08-10T15:55:35+10:00,20260810T155535-d325dee6,Northbound,Greenmount Beach,Toowong Village,Monday,2026-08-10,15,55,Australia/Brisbane,93.0,79.5,13.5,0.17,108.83,M1
2026-08-10T17:45:43+10:00,20260810T174543-fb8057c5,Southbound,Toowong Village,Greenmount Beach,Monday,2026-08-10,17,45,Australia/Brisbane,83.5,80.5,3.0,0.038,108.42,M1
2026-08-10T17:45:43+10:00,20260810T174543-fb8057c5,Northbound,Greenmount Beach,Toowong Village,Monday,2026-08-10,17,45,Australia/Brisbane,77.8,79.7,-1.9,-0.024,108.76,M1
2026-08-10T19:23:41+10:00,20260810T192341-0beba73d,Southbound,Toowong Village,Greenmount Beach,Monday,2026-08-10,19,23,Australia/Brisbane,77.2,80.4,-3.2,-0.04,108.63,M1
2026-08-10T19:23:41+10:00,20260810T192341-0beba73d,Northbound,Greenmount Beach,Toowong Village,Monday,2026-08-10,19,23,Australia/Brisbane,75.8,79.7,-3.9,-0.048,108.76,M1
2026-08-10T20:43:22+10:00,20260810T204322-535cd76d,Southbound,Toowong Village,Greenmount Beach,Monday,2026-08-10,20,43,Australia/Brisbane,76.9,81.5,-4.6,-0.056,106.47,M1
2026-08-10T20:43:22+10:00,20260810T204322-535cd76d,Northbound,Greenmount Beach,Toowong Village,Monday,2026-08-10,20,43,Australia/Brisbane,75.9,79.7,-3.8,-0.048,108.76,M1
2026-08-11T05:55:18+10:00,20260811T055518-74f8c119,Southbound,Toowong Village,Greenmount Beach,Tuesday,2026-08-11,5,55,Australia/Brisbane,82.7,80.4,2.4,0.029,108.63,M1
2026-08-11T05:55:18+10:00,20260811T055518-74f8c119,Northbound,Greenmount Beach,Toowong Village,Tuesday,2026-08-11,5,55,Australia/Brisbane,112.0,79.7,32.3,0.405,108.76,M1
2026-08-11T06:43:29+10:00,20260811T064329-fd54e7ee,Southbound,Toowong Village,Greenmount Beach,Tuesday,2026-08-11,6,43,Australia/Brisbane,93.2,80.4,12.8,0.159,108.63,M1
2026-08-11T06:43:29+10:00,20260811T064329-fd54e7ee,Northbound,Greenmount Beach,Toowong Village,Tuesday,2026-08-11,6,43,Australia/Brisbane,115.1,79.7,35.4,0.444,108.76,M1
2026-08-11T07:26:34+10:00,20260811T072634-8c097b1b,Southbound,Toowong Village,Greenmount Beach,Tuesday,2026-08-11,7,26,Australia/Brisbane,98.9,82.2,16.6,0.202,109.38,M1
2026-08-11T07:26:34+10:00,20260811T072634-8c097b1b,Northbound,Greenmount Beach,Toowong Village,Tuesday,2026-08-11,7,26,Australia/Brisbane,104.9,79.7,25.2,0.316,108.76,M1
2026-08-11T08:08:20+10:00,20260811T080820-73ca49e6,Southbound,Toowong Village,Greenmount Beach,Tuesday,2026-08-11,8,8,Australia/Brisbane,93.1,82.2,10.9,0.132,109.38,M1
2026-08-11T08:08:20+10:00,20260811T080820-73ca49e6,Northbound,Greenmount Beach,Toowong Village,Tuesday,2026-08-11,8,8,Australia/Brisbane,94.1,79.8,14.3,0.179,108.91,M1
2026-08-11T08:56:23+10:00,20260811T085623-69092a87,Southbound,Toowong Village,Greenmount Beach,Tuesday,2026-08-11,8,56,Australia/Brisbane,88.2,81.7,6.5,0.08,106.78,M1
2026-08-11T08:56:23+10:00,20260811T085623-69092a87,Northbound,Greenmount Beach,Toowong Village,Tuesday,2026-08-11,8,56,Australia/Brisbane,85.3,79.8,5.5,0.07,108.91,M1
2026-08-11T09:39:11+10:00,20260811T093911-4c36c972,Southbound,Toowong Village,Greenmount Beach,Tuesday,2026-08-11,9,39,Australia/Brisbane,81.4,80.5,0.9,0.011,108.93,M1
2026-08-11T09:39:11+10:00,20260811T093911-4c36c972,Northbound,Greenmount Beach,Toowong Village,Tuesday,2026-08-11,9,39,Australia/Brisbane,85.1,79.7,5.5,0.068,108.76,M1
2026-08-11T10:33:57+10:00,20260811T103357-da7b3906,Southbound,Toowong Village,Greenmount Beach,Tuesday,2026-08-11,10,33,Australia/Brisbane,81.3,80.5,0.8,0.01,108.93,M1
2026-08-11T10:33:57+10:00,20260811T103357-da7b3906,Northbound,Greenmount Beach,Toowong Village,Tuesday,2026-08-11,10,33,Australia/Brisbane,81.5,79.7,1.8,0.023,108.76,M1
2026-08-11T12:53:01+10:00,20260811T125301-d9fe1433,Southbound,Toowong Village,Greenmount Beach,Tuesday,2026-08-11,12,53,Australia/Brisbane,82.9,80.4,2.5,0.032,108.63,M1
2026-08-11T12:53:01+10:00,20260811T125301-d9fe1433,Northbound,Greenmount Beach,Toowong Village,Tuesday,2026-08-11,12,53,Australia/Brisbane,81.3,79.7,1.6,0.02,108.76,M1
2026-08-11T14:20:42+10:00,20260811T142042-1f3d0ab9,Southbound,Toowong Village,Greenmount Beach,Tuesday,2026-08-11,14,20,Australia/Brisbane,106.2,80.4,25.9,0.322,108.63,M1
2026-08-11T14:20:42+10:00,20260811T142042-1f3d0ab9,Northbound,Greenmount Beach,Toowong Village,Tuesday,2026-08-11,14,20,Australia/Brisbane,88.7,79.8,8.9,0.111,108.91,M1
2026-08-11T15:35:05+10:00,20260811T153505-e1c8c67d,Southbound,Toowong Village,Greenmount Beach,Tuesday,2026-08-11,15,35,Australia/Brisbane,127.3,84.9,42.4,0.499,115.13,M1
2026-08-11T15:35:05+10:00,20260811T153505-e1c8c67d,Northbound,Greenmount Beach,Toowong Village,Tuesday,2026-08-11,15,35,Australia/Brisbane,102.6,80.4,22.2,0.276,108.79,M1
2026-08-11T16:36:07+10:00,20260811T163607-b4caad16,Southbound,Toowong Village,Greenmount Beach,Tuesday,2026-08-11,16,36,Australia/Brisbane,114.2,85.3,28.9,0.338,119.17,M1
2026-08-11T16:36:07+10:00,20260811T163607-b4caad16,Northbound,Greenmount Beach,Toowong Village,Tuesday,2026-08-11,16,36,Australia/Brisbane,91.8,84.1,7.7,0.092,120.72,M1
2026-08-11T17:56:11+10:00,20260811T175611-565ded6c,Southbound,Toowong Village,Greenmount Beach,Tuesday,2026-08-11,17,56,Australia/Brisbane,89.4,80.5,8.9,0.111,108.42,M1
2026-08-11T17:56:11+10:00,20260811T175611-565ded6c,Northbound,Greenmount Beach,Toowong Village,Tuesday,2026-08-11,17,56,Australia/Brisbane,78.3,79.8,-1.4,-0.018,108.91,M1
2026-08-11T19:03:10+10:00,20260811T190310-0d19e18f,Southbound,Toowong Village,Greenmount Beach,Tuesday,2026-08-11,19,3,Australia/Brisbane,78.0,80.4,-2.4,-0.029,108.63,M1
2026-08-11T19:03:10+10:00,20260811T190310-0d19e18f,Northbound,Greenmount Beach,Toowong Village,Tuesday,2026-08-11,19,3,Australia/Brisbane,75.8,79.7,-3.9,-0.048,108.76,M1
2026-08-11T20:10:57+10:00,20260811T201057-f428a51c,Southbound,Toowong Village,Greenmount Beach,Tuesday,2026-08-11,20,10,Australia/Brisbane,76.9,80.4,-3.5,-0.043,108.63,M1
2026-08-11T20:10:57+10:00,20260811T201057-f428a51c,Northbound,Greenmount Beach,Toowong Village,Tuesday,2026-08-11,20,10,Australia/Brisbane,75.4,79.7,-4.3,-0.054,108.76,M1
2026-08-12T06:00:03+10:00,20260812T060003-b818ee73,Southbound,Toowong Village,Greenmount Beach,Wednesday,2026-08-12,6,0,Australia/Brisbane,83.4,80.4,3.0,0.038,108.63,M1
2026-08-12T06:00:03+10:00,20260812T060003-b818ee73,Northbound,Greenmount Beach,Toowong Village,Wednesday,2026-08-12,6,0,Australia/Brisbane,87.5,79.7,7.8,0.098,108.76,M1
2026-08-12T06:57:20+10:00,20260812T065720-c1b4ff4f,Southbound,Toowong Village,Greenmount Beach,Wednesday,2026-08-12,6,57,Australia/Brisbane,91.2,80.4,10.9,0.135,108.63,M1
2026-08-12T06:57:20+10:00,20260812T065720-c1b4ff4f,Northbound,Greenmount Beach,Toowong Village,Wednesday,2026-08-12,6,57,Australia/Brisbane,80.8,79.7,1.1,0.013,108.76,M1
2026-08-12T07:56:27+10:00,20260812T075627-e6e164ca,Southbound,Toowong Village,Greenmount Beach,Wednesday,2026-08-12,7,56,Australia/Brisbane,92.2,80.4,11.8,0.147,108.63,M1
2026-08-12T07:56:27+10:00,20260812T075627-e6e164ca,Northbound,Greenmount Beach,Toowong Village,Wednesday,2026-08-12,7,56,Australia/Brisbane,79.3,79.7,-0.4,-0.005,108.76,M1
2026-08-12T08:49:22+10:00,20260812T084922-628dacfe,Southbound,Toowong Village,Greenmount Beach,Wednesday,2026-08-12,8,49,Australia/Brisbane,90.7,80.5,10.2,0.126,108.93,M1
2026-08-12T08:49:22+10:00,20260812T084922-628dacfe,Northbound,Greenmount Beach,Toowong Village,Wednesday,2026-08-12,8,49,Australia/Brisbane,79.3,79.7,-0.4,-0.005,108.76,M1
2026-08-12T09:41:07+10:00,20260812T094107-46ed51ea,Southbound,Toowong Village,Greenmount Beach,Wednesday,2026-08-12,9,41,Australia/Brisbane,98.5,85.6,13.0,0.152,109.82,M1
2026-08-12T09:41:07+10:00,20260812T094107-46ed51ea,Northbound,Greenmount Beach,Toowong Village,Wednesday,2026-08-12,9,41,Australia/Brisbane,79.8,79.7,0.1,0.001,108.76,M1
2026-08-12T10:42:43+10:00,20260812T104243-244227e4,Southbound,Toowong Village,Greenmount Beach,Wednesday,2026-08-12,10,42,Australia/Brisbane,103.1,82.8,20.3,0.245,120.29,M1
2026-08-12T10:42:43+10:00,20260812T104243-244227e4,Northbound,Greenmount Beach,Toowong Village,Wednesday,2026-08-12,10,42,Australia/Brisbane,80.3,79.7,0.7,0.008,108.76,M1
2026-08-12T13:12:52+10:00,20260812T131252-8a4e0f81,Southbound,Toowong Village,Greenmount Beach,Wednesday,2026-08-12,13,12,Australia/Brisbane,88.3,80.4,7.9,0.098,108.63,M1
2026-08-12T13:12:52+10:00,20260812T131252-8a4e0f81,Northbound,Greenmount Beach,Toowong Village,Wednesday,2026-08-12,13,12,Australia/Brisbane,80.7,79.7,1.0,0.012,108.76,M1
2026-08-12T15:06:22+10:00,20260812T150622-24e9e757,Southbound,Toowong Village,Greenmount Beach,Wednesday,2026-08-12,15,6,Australia/Brisbane,97.4,80.4,17.0,0.212,108.63,M1
2026-08-12T15:06:22+10:00,20260812T150622-24e9e757,Northbound,Greenmount Beach,Toowong Village,Wednesday,2026-08-12,15,6,Australia/Brisbane,113.6,84.0,29.6,0.352,120.75,M1
2026-08-12T16:42:27+10:00,20260812T164227-8cb4cff3,Southbound,Toowong Village,Greenmount Beach,Wednesday,2026-08-12,16,42,Australia/Brisbane,85.6,80.4,5.2,0.065,108.63,M1
2026-08-12T16:42:27+10:00,20260812T164227-8cb4cff3,Northbound,Greenmount Beach,Toowong Village,Wednesday,2026-08-12,16,42,Australia/Brisbane,116.2,84.0,32.1,0.382,120.75,M1
2026-08-12T18:04:43+10:00,20260812T180443-83e99c23,Southbound,Toowong Village,Greenmount Beach,Wednesday,2026-08-12,18,4,Australia/Brisbane,77.9,80.5,-2.6,-0.032,108.77,M1
2026-08-12T18:04:43+10:00,20260812T180443-83e99c23,Northbound,Greenmount Beach,Toowong Village,Wednesday,2026-08-12,18,4,Australia/Brisbane,91.5,79.7,11.8,0.148,108.76,M1
2026-08-12T19:31:44+10:00,20260812T193144-c396a093,Southbound,Toowong Village,Greenmount Beach,Wednesday,2026-08-12,19,31,Australia/Brisbane,76.5,80.4,-3.9,-0.049,108.63,M1
2026-08-12T19:31:44+10:00,20260812T193144-c396a093,Northbound,Greenmount Beach,Toowong Village,Wednesday,2026-08-12,19,31,Australia/Brisbane,77.1,79.7,-2.6,-0.032,108.76,M1
2026-08-12T20:42:40+10:00,20260812T204240-3694e3ef,Southbound,Toowong Village,Greenmount Beach,Wednesday,2026-08-12,20,42,Australia/Brisbane,77.4,80.4,-3.0,-0.037,108.63,M1
2026-08-12T20:42:40+10:00,20260812T204240-3694e3ef,Northbound,Greenmount Beach,Toowong Village,Wednesday,2026-08-12,20,42,Australia/Brisbane,75.6,79.7,-4.1,-0.051,108.76,M1
2026-08-13T06:00:46+10:00,20260813T060046-470d88bb,Southbound,Toowong Village,Greenmount Beach,Thursday,2026-08-13,6,0,Australia/Brisbane,81.4,80.4,1.0,0.013,108.63,M1
2026-08-13T06:00:46+10:00,20260813T060046-470d88bb,Northbound,Greenmount Beach,Toowong Village,Thursday,2026-08-13,6,0,Australia/Brisbane,101.6,79.7,21.9,0.275,108.76,M1
2026-08-13T07:03:23+10:00,20260813T070323-1e2dff13,Southbound,Toowong Village,Greenmount Beach,Thursday,2026-08-13,7,3,Australia/Brisbane,91.9,80.4,11.5,0.144,108.63,M1
2026-08-13T07:03:23+10:00,20260813T070323-1e2dff13,Northbound,Greenmount Beach,Toowong Village,Thursday,2026-08-13,7,3,Australia/Brisbane,105.0,79.7,25.4,0.318,108.76,M1
2026-08-13T08:02:42+10:00,20260813T080242-c1d65a82,Southbound,Toowong Village,Greenmount Beach,Thursday,2026-08-13,8,2,Australia/Brisbane,96.3,84.0,12.3,0.146,109.04,M1
2026-08-13T08:02:42+10:00,20260813T080242-c1d65a82,Northbound,Greenmount Beach,Toowong Village,Thursday,2026-08-13,8,2,Australia/Brisbane,97.4,79.7,17.7,0.222,108.76,M1
2026-08-13T09:01:56+10:00,20260813T090156-a1e00399,Southbound,Toowong Village,Greenmount Beach,Thursday,2026-08-13,9,1,Australia/Brisbane,86.1,80.4,5.7,0.071,108.63,M1
2026-08-13T09:01:56+10:00,20260813T090156-a1e00399,Northbound,Greenmount Beach,Toowong Village,Thursday,2026-08-13,9,1,Australia/Brisbane,86.7,79.8,7.0,0.087,108.91,M1
2026-08-13T09:58:04+10:00,20260813T095804-80fc7231,Southbound,Toowong Village,Greenmount Beach,Thursday,2026-08-13,9,58,Australia/Brisbane,84.0,80.6,3.4,0.042,108.73,M1
2026-08-13T09:58:04+10:00,20260813T095804-80fc7231,Northbound,Greenmount Beach,Toowong Village,Thursday,2026-08-13,9,58,Australia/Brisbane,85.9,79.7,6.2,0.078,108.76,M1
2026-08-13T12:36:07+10:00,20260813T123607-9855816a,Southbound,Toowong Village,Greenmount Beach,Thursday,2026-08-13,12,36,Australia/Brisbane,83.1,80.5,2.6,0.032,108.93,M1
2026-08-13T12:36:07+10:00,20260813T123607-9855816a,Northbound,Greenmount Beach,Toowong Village,Thursday,2026-08-13,12,36,Australia/Brisbane,81.8,79.7,2.1,0.027,108.76,M1
2026-08-13T14:30:00+10:00,20260813T143000-37ee33da,Southbound,Toowong Village,Greenmount Beach,Thursday,2026-08-13,14,30,Australia/Brisbane,119.9,82.7,37.3,0.451,119.99,M1
2026-08-13T14:30:00+10:00,20260813T143000-37ee33da,Northbound,Greenmount Beach,Toowong Village,Thursday,2026-08-13,14,30,Australia/Brisbane,89.8,79.8,10.0,0.125,108.91,M1
2026-08-13T16:02:35+10:00,20260813T160235-bf3dd854,Southbound,Toowong Village,Greenmount Beach,Thursday,2026-08-13,16,2,Australia/Brisbane,138.0,80.8,57.2,0.709,108.55,M1
2026-08-13T16:02:35+10:00,20260813T160235-bf3dd854,Northbound,Greenmount Beach,Toowong Village,Thursday,2026-08-13,16,2,Australia/Brisbane,109.6,84.1,25.5,0.304,120.72,M1
2026-08-13T17:53:27+10:00,20260813T175327-926a12dd,Southbound,Toowong Village,Greenmount Beach,Thursday,2026-08-13,17,53,Australia/Brisbane,90.8,80.5,10.2,0.127,108.57,M1
2026-08-13T17:53:27+10:00,20260813T175327-926a12dd,Northbound,Greenmount Beach,Toowong Village,Thursday,2026-08-13,17,53,Australia/Brisbane,79.0,79.7,-0.7,-0.009,108.76,M1
2026-08-13T19:13:25+10:00,20260813T191325-b2342585,Southbound,Toowong Village,Greenmount Beach,Thursday,2026-08-13,19,13,Australia/Brisbane,77.7,80.4,-2.7,-0.033,108.63,M1
2026-08-13T19:13:25+10:00,20260813T191325-b2342585,Northbound,Greenmount Beach,Toowong Village,Thursday,2026-08-13,19,13,Australia/Brisbane,75.8,79.7,-3.9,-0.048,108.76,M1
2026-08-13T20:30:09+10:00,20260813T203009-224f664a,Southbound,Toowong Village,Greenmount Beach,Thursday,2026-08-13,20,30,Australia/Brisbane,76.9,80.4,-3.5,-0.043,108.63,M1
2026-08-13T20:30:09+10:00,20260813T203009-224f664a,Northbound,Greenmount Beach,Toowong Village,Thursday,2026-08-13,20,30,Australia/Brisbane,76.3,79.7,-3.4,-0.042,108.76,M1
2026-08-14T05:55:39+10:00,20260814T055539-b33f54da,Southbound,Toowong Village,Greenmount Beach,Friday,2026-08-14,5,55,Australia/Brisbane,78.0,80.4,-2.4,-0.029,108.63,M1
2026-08-14T05:55:39+10:00,20260814T055539-b33f54da,Northbound,Greenmount Beach,Toowong Village,Friday,2026-08-14,5,55,Australia/Brisbane,86.0,79.7,6.3,0.079,108.76,M1
2026-08-14T06:46:39+10:00,20260814T064639-08e587ed,Southbound,Toowong Village,Greenmount Beach,Friday,2026-08-14,6,46,Australia/Brisbane,86.1,80.4,5.8,0.072,108.63,M1
2026-08-14T06:46:39+10:00,20260814T064639-08e587ed,Northbound,Greenmount Beach,Toowong Village,Friday,2026-08-14,6,46,Australia/Brisbane,88.0,79.7,8.3,0.104,108.76,M1
2026-08-14T07:46:58+10:00,20260814T074658-ee0c427d,Southbound,Toowong Village,Greenmount Beach,Friday,2026-08-14,7,46,Australia/Brisbane,93.5,82.7,10.8,0.131,119.99,M1
2026-08-14T07:46:58+10:00,20260814T074658-ee0c427d,Northbound,Greenmount Beach,Toowong Village,Friday,2026-08-14,7,46,Australia/Brisbane,85.0,79.7,5.3,0.067,108.76,M1
2026-08-14T08:43:02+10:00,20260814T084302-f377b9ea,Southbound,Toowong Village,Greenmount Beach,Friday,2026-08-14,8,43,Australia/Brisbane,89.3,80.5,8.8,0.11,108.93,M1
2026-08-14T08:43:02+10:00,20260814T084302-f377b9ea,Northbound,Greenmount Beach,Toowong Village,Friday,2026-08-14,8,43,Australia/Brisbane,83.7,79.7,4.0,0.051,108.76,M1
2026-08-14T09:25:22+10:00,20260814T092522-58a92267,Southbound,Toowong Village,Greenmount Beach,Friday,2026-08-14,9,25,Australia/Brisbane,88.7,80.5,8.2,0.101,108.93,M1
2026-08-14T09:25:22+10:00,20260814T092522-58a92267,Northbound,Greenmount Beach,Toowong Village,Friday,2026-08-14,9,25,Australia/Brisbane,84.4,79.7,4.7,0.059,108.76,M1
2026-08-14T10:08:00+10:00,20260814T100800-afaccf2b,Southbound,Toowong Village,Greenmount Beach,Friday,2026-08-14,10,8,Australia/Brisbane,92.5,80.5,12.0,0.149,108.93,M1
2026-08-14T10:08:00+10:00,20260814T100800-afaccf2b,Northbound,Greenmount Beach,Toowong Village,Friday,2026-08-14,10,8,Australia/Brisbane,85.2,79.7,5.5,0.069,108.76,M1
2026-08-14T12:46:25+10:00,20260814T124625-66573e56,Southbound,Toowong Village,Greenmount Beach,Friday,2026-08-14,12,46,Australia/Brisbane,98.6,80.4,18.3,0.227,108.63,M1
2026-08-14T12:46:25+10:00,20260814T124625-66573e56,Northbound,Greenmount Beach,Toowong Village,Friday,2026-08-14,12,46,Australia/Brisbane,86.3,79.7,6.6,0.083,108.76,M1
2026-08-14T14:48:42+10:00,20260814T144842-a0f30ed5,Southbound,Toowong Village,Greenmount Beach,Friday,2026-08-14,14,48,Australia/Brisbane,127.5,80.4,47.1,0.585,108.42,M1
2026-08-14T14:48:42+10:00,20260814T144842-a0f30ed5,Northbound,Greenmount Beach,Toowong Village,Friday,2026-08-14,14,48,Australia/Brisbane,97.0,80.3,16.7,0.208,109.3,M1
2026-08-14T16:14:54+10:00,20260814T161454-7e69033a,Southbound,Toowong Village,Greenmount Beach,Friday,2026-08-14,16,14,Australia/Brisbane,113.7,84.0,29.6,0.352,114.65,M1
2026-08-14T16:14:54+10:00,20260814T161454-7e69033a,Northbound,Greenmount Beach,Toowong Village,Friday,2026-08-14,16,14,Australia/Brisbane,103.8,83.8,20.0,0.239,120.82,M1
2026-08-14T17:53:50+10:00,20260814T175350-b1b604d8,Southbound,Toowong Village,Greenmount Beach,Friday,2026-08-14,17,53,Australia/Brisbane,88.7,82.8,5.9,0.071,120.13,M1
2026-08-14T17:53:50+10:00,20260814T175350-b1b604d8,Northbound,Greenmount Beach,Toowong Village,Friday,2026-08-14,17,53,Australia/Brisbane,83.0,79.7,3.3,0.041,108.76,M1
2026-08-14T19:08:06+10:00,20260814T190806-71b4cb27,Southbound,Toowong Village,Greenmount Beach,Friday,2026-08-14,19,8,Australia/Brisbane,77.5,80.5,-3.0,-0.037,108.77,M1
2026-08-14T19:08:06+10:00,20260814T190806-71b4cb27,Northbound,Greenmount Beach,Toowong Village,Friday,2026-08-14,19,8,Australia/Brisbane,76.0,79.7,-3.7,-0.046,108.76,M1
2026-08-14T20:16:44+10:00,20260814T201644-54634093,Southbound,Toowong Village,Greenmount Beach,Friday,2026-08-14,20,16,Australia/Brisbane,77.1,80.4,-3.3,-0.041,108.63,M1
2026-08-14T20:16:44+10:00,20260814T201644-54634093,Northbound,Greenmount Beach,Toowong Village,Friday,2026-08-14,20,16,Australia/Brisbane,76.5,79.7,-3.2,-0.04,108.76,M1
2026-08-15T05:49:49+10:00,20260815T054949-6efdcfb4,Southbound,Toowong Village,Greenmount Beach,Saturday,2026-08-15,5,49,Australia/Brisbane,74.0,80.5,-6.5,-0.08,108.77,M1
2026-08-15T05:49:49+10:00,20260815T054949-6efdcfb4,Northbound,Greenmount Beach,Toowong Village,Saturday,2026-08-15,5,49,Australia/Brisbane,73.5,79.7,-6.2,-0.077,108.76,M1
2026-08-15T06:32:09+10:00,20260815T063209-dff506a0,Southbound,Toowong Village,Greenmount Beach,Saturday,2026-08-15,6,32,Australia/Brisbane,75.8,80.4,-4.6,-0.057,108.63,M1
2026-08-15T06:32:09+10:00,20260815T063209-dff506a0,Northbound,Greenmount Beach,Toowong Village,Saturday,2026-08-15,6,32,Australia/Brisbane,74.2,79.7,-5.5,-0.068,108.76,M1
2026-08-15T07:02:31+10:00,20260815T070231-17c7f763,Southbound,Toowong Village,Greenmount Beach,Saturday,2026-08-15,7,2,Australia/Brisbane,76.5,80.6,-4.2,-0.051,109.11,M1
2026-08-15T07:02:31+10:00,20260815T070231-17c7f763,Northbound,Greenmount Beach,Toowong Village,Saturday,2026-08-15,7,2,Australia/Brisbane,74.7,79.7,-5.0,-0.062,108.76,M1
2026-08-15T07:41:21+10:00,20260815T074121-661fe4ab,Southbound,Toowong Village,Greenmount Beach,Saturday,2026-08-15,7,41,Australia/Brisbane,78.3,80.5,-2.2,-0.027,108.93,M1
2026-08-15T07:41:21+10:00,20260815T074121-661fe4ab,Northbound,Greenmount Beach,Toowong Village,Saturday,2026-08-15,7,41,Australia/Brisbane,76.2,79.7,-3.4,-0.043,108.76,M1
2026-08-15T07:59:59+10:00,20260815T075959-325c038b,Southbound,Toowong Village,Greenmount Beach,Saturday,2026-08-15,7,59,Australia/Brisbane,79.2,80.5,-1.3,-0.016,108.93,M1
2026-08-15T07:59:59+10:00,20260815T075959-325c038b,Northbound,Greenmount Beach,Toowong Village,Saturday,2026-08-15,7,59,Australia/Brisbane,77.2,79.7,-2.5,-0.031,108.76,M1
2026-08-15T08:32:46+10:00,20260815T083246-5c0dc5b8,Southbound,Toowong Village,Greenmount Beach,Saturday,2026-08-15,8,32,Australia/Brisbane,81.7,80.5,1.2,0.015,108.93,M1
2026-08-15T08:32:46+10:00,20260815T083246-5c0dc5b8,Northbound,Greenmount Beach,Toowong Village,Saturday,2026-08-15,8,32,Australia/Brisbane,78.8,79.7,-0.8,-0.011,108.76,M1
2026-08-15T08:59:50+10:00,20260815T085950-bd116cfb,Southbound,Toowong Village,Greenmount Beach,Saturday,2026-08-15,8,59,Australia/Brisbane,87.3,80.5,6.8,0.085,108.93,M1
2026-08-15T08:59:50+10:00,20260815T085950-bd116cfb,Northbound,Greenmount Beach,Toowong Village,Saturday,2026-08-15,8,59,Australia/Brisbane,81.0,79.7,1.3,0.017,108.76,M1
2026-08-15T09:30:14+10:00,20260815T093014-23dfc2fc,Southbound,Toowong Village,Greenmount Beach,Saturday,2026-08-15,9,30,Australia/Brisbane,95.1,80.6,14.5,0.18,108.73,M1
2026-08-15T09:30:14+10:00,20260815T093014-23dfc2fc,Northbound,Greenmount Beach,Toowong Village,Saturday,2026-08-15,9,30,Australia/Brisbane,83.2,79.7,3.5,0.044,108.76,M1
2026-08-15T09:59:57+10:00,20260815T095957-e2fcfa66,Southbound,Toowong Village,Greenmount Beach,Saturday,2026-08-15,9,59,Australia/Brisbane,105.5,80.5,25.0,0.31,108.93,M1
2026-08-15T09:59:57+10:00,20260815T095957-e2fcfa66,Northbound,Greenmount Beach,Toowong Village,Saturday,2026-08-15,9,59,Australia/Brisbane,87.9,79.7,8.2,0.103,108.76,M1
2026-08-15T11:44:38+10:00,20260815T114438-ff4c9b56,Southbound,Toowong Village,Greenmount Beach,Saturday,2026-08-15,11,44,Australia/Brisbane,99.9,82.8,17.1,0.207,120.29,M1
2026-08-15T11:44:38+10:00,20260815T114438-ff4c9b56,Northbound,Greenmount Beach,Toowong Village,Saturday,2026-08-15,11,44,Australia/Brisbane,89.3,84.0,5.2,0.062,120.75,M1
2026-08-15T12:39:03+10:00,20260815T123903-8d491450,Southbound,Toowong Village,Greenmount Beach,Saturday,2026-08-15,12,39,Australia/Brisbane,97.2,82.9,14.3,0.173,120.46,M1
2026-08-15T12:39:03+10:00,20260815T123903-8d491450,Northbound,Greenmount Beach,Toowong Village,Saturday,2026-08-15,12,39,Australia/Brisbane,88.8,79.7,9.1,0.114,108.76,M1
2026-08-15T13:23:17+10:00,20260815T132317-1443c703,Southbound,Toowong Village,Greenmount Beach,Saturday,2026-08-15,13,23,Australia/Brisbane,89.6,80.6,9.1,0.112,108.73,M1
2026-08-15T13:23:17+10:00,20260815T132317-1443c703,Northbound,Greenmount Beach,Toowong Village,Saturday,2026-08-15,13,23,Australia/Brisbane,87.9,79.7,8.2,0.103,108.76,M1
2026-08-15T14:04:11+10:00,20260815T140411-7a7a96a2,Southbound,Toowong Village,Greenmount Beach,Saturday,2026-08-15,14,4,Australia/Brisbane,83.8,80.5,3.2,0.04,108.93,M1
2026-08-15T14:04:11+10:00,20260815T140411-7a7a96a2,Northbound,Greenmount Beach,Toowong Village,Saturday,2026-08-15,14,4,Australia/Brisbane,85.2,79.7,5.5,0.069,108.76,M1
2026-08-15T14:47:10+10:00,20260815T144710-0b3a2f07,Southbound,Toowong Village,Greenmount Beach,Saturday,2026-08-15,14,47,Australia/Brisbane,82.1,80.5,1.6,0.02,108.93,M1
2026-08-15T14:47:10+10:00,20260815T144710-0b3a2f07,Northbound,Greenmount Beach,Toowong Village,Saturday,2026-08-15,14,47,Australia/Brisbane,84.8,83.8,1.1,0.013,120.82,M1
2026-08-15T15:25:25+10:00,20260815T152525-35630327,Southbound,Toowong Village,Greenmount Beach,Saturday,2026-08-15,15,25,Australia/Brisbane,81.4,80.5,0.9,0.011,108.93,M1
2026-08-15T15:25:25+10:00,20260815T152525-35630327,Northbound,Greenmount Beach,Toowong Village,Saturday,2026-08-15,15,25,Australia/Brisbane,84.1,83.8,0.3,0.004,120.82,M1
2026-08-15T15:51:31+10:00,20260815T155131-3d1af5c5,Southbound,Toowong Village,Greenmount Beach,Saturday,2026-08-15,15,51,Australia/Brisbane,81.0,80.6,0.4,0.005,108.73,M1
2026-08-15T15:51:31+10:00,20260815T155131-3d1af5c5,Northbound,Greenmount Beach,Toowong Village,Saturday,2026-08-15,15,51,Australia/Brisbane,83.9,83.8,0.1,0.002,120.82,M1
2026-08-15T16:39:48+10:00,20260815T163948-eefa3e11,Southbound,Toowong Village,Greenmount Beach,Saturday,2026-08-15,16,39,Australia/Brisbane,80.4,80.5,-0.2,-0.002,108.57,M1
2026-08-15T16:39:48+10:00,20260815T163948-eefa3e11,Northbound,Greenmount Beach,Toowong Village,Saturday,2026-08-15,16,39,Australia/Brisbane,84.2,83.8,0.4,0.005,120.82,M1
2026-08-15T17:16:21+10:00,20260815T171621-79df23bf,Southbound,Toowong Village,Greenmount Beach,Saturday,2026-08-15,17,16,Australia/Brisbane,82.0,80.5,1.5,0.018,108.77,M1
2026-08-15T17:16:21+10:00,20260815T171621-79df23bf,Northbound,Greenmount Beach,Toowong Village,Saturday,2026-08-15,17,16,Australia/Brisbane,84.4,83.8,0.6,0.007,120.82,M1
2026-08-15T17:52:43+10:00,20260815T175243-002420e8,Southbound,Toowong Village,Greenmount Beach,Saturday,2026-08-15,17,52,Australia/Brisbane,82.4,80.5,1.9,0.024,108.77,M1
2026-08-15T17:52:43+10:00,20260815T175243-002420e8,Northbound,Greenmount Beach,Toowong Village,Saturday,2026-08-15,17,52,Australia/Brisbane,85.0,79.7,5.3,0.067,108.76,M1
2026-08-15T18:30:08+10:00,20260815T183008-f496655e,Southbound,Toowong Village,Greenmount Beach,Saturday,2026-08-15,18,30,Australia/Brisbane,79.1,80.5,-1.4,-0.018,108.57,M1
2026-08-15T18:30:08+10:00,20260815T183008-f496655e,Northbound,Greenmount Beach,Toowong Village,Saturday,2026-08-15,18,30,Australia/Brisbane,79.7,79.7,0.0,0.0,108.76,M1
2026-08-15T18:57:53+10:00,20260815T185753-3e6ba7e5,Southbound,Toowong Village,Greenmount Beach,Saturday,2026-08-15,18,57,Australia/Brisbane,78.3,80.5,-2.1,-0.027,108.77,M1
2026-08-15T18:57:53+10:00,20260815T185753-3e6ba7e5,Northbound,Greenmount Beach,Toowong Village,Saturday,2026-08-15,18,57,Australia/Brisbane,78.2,79.8,-1.6,-0.02,108.91,M1
2026-08-15T19:32:50+10:00,20260815T193250-ec7107c8,Southbound,Toowong Village,Greenmount Beach,Saturday,2026-08-15,19,32,Australia/Brisbane,77.5,80.4,-2.8,-0.035,108.63,M1
2026-08-15T19:32:50+10:00,20260815T193250-ec7107c8,Northbound,Greenmount Beach,Toowong Village,Saturday,2026-08-15,19,32,Australia/Brisbane,77.5,79.7,-2.2,-0.028,108.76,M1
2026-08-15T19:58:58+10:00,20260815T195858-52ea4d72,Southbound,Toowong Village,Greenmount Beach,Saturday,2026-08-15,19,58,Australia/Brisbane,77.2,80.4,-3.1,-0.039,108.63,M1
2026-08-15T19:58:58+10:00,20260815T195858-52ea4d72,Northbound,Greenmount Beach,Toowong Village,Saturday,2026-08-15,19,58,Australia/Brisbane,76.4,79.7,-3.3,-0.041,108.76,M1
2026-08-15T20:31:24+10:00,20260815T203124-48829a77,Southbound,Toowong Village,Greenmount Beach,Saturday,2026-08-15,20,31,Australia/Brisbane,77.0,80.5,-3.5,-0.043,108.77,M1
2026-08-15T20:31:24+10:00,20260815T203124-48829a77,Northbound,Greenmount Beach,Toowong Village,Saturday,2026-08-15,20,31,Australia/Brisbane,76.4,79.7,-3.3,-0.041,108.76,M1
2026-08-15T20:59:15+10:00,20260815T205915-bdaec7ab,Southbound,Toowong Village,Greenmount Beach,Saturday,2026-08-15,20,59,Australia/Brisbane,77.5,80.5,-3.0,-0.038,108.77,M1
2026-08-15T20:59:15+10:00,20260815T205915-bdaec7ab,Northbound,Greenmount Beach,Toowong Village,Saturday,2026-08-15,20,59,Australia/Brisbane,76.4,79.7,-3.3,-0.041,108.76,M1
2026-08-16T05:22:09+10:00,20260816T052209-9a868a31,Southbound,Toowong Village,Greenmount Beach,Sunday,2026-08-16,5,22,Australia/Brisbane,73.7,80.4,-6.7,-0.083,108.63,M1
2026-08-16T05:22:09+10:00,20260816T052209-9a868a31,Northbound,Greenmount Beach,Toowong Village,Sunday,2026-08-16,5,22,Australia/Brisbane,72.7,79.7,-7.0,-0.087,108.76,M1
2026-08-16T05:45:07+10:00,20260816T054507-2aeef869,Southbound,Toowong Village,Greenmount Beach,Sunday,2026-08-16,5,45,Australia/Brisbane,73.5,80.5,-7.0,-0.087,108.77,M1
2026-08-16T05:45:07+10:00,20260816T054507-2aeef869,Northbound,Greenmount Beach,Toowong Village,Sunday,2026-08-16,5,45,Australia/Brisbane,72.7,79.7,-7.0,-0.088,108.76,M1
2026-08-16T05:59:34+10:00,20260816T055934-7d8f510e,Southbound,Toowong Village,Greenmount Beach,Sunday,2026-08-16,5,59,Australia/Brisbane,74.0,80.5,-6.5,-0.081,108.77,M1
2026-08-16T05:59:34+10:00,20260816T055934-7d8f510e,Northbound,Greenmount Beach,Toowong Village,Sunday,2026-08-16,5,59,Australia/Brisbane,72.6,79.7,-7.1,-0.089,108.76,M1
2026-08-16T06:32:47+10:00,20260816T063247-a4841fd8,Southbound,Toowong Village,Greenmount Beach,Sunday,2026-08-16,6,32,Australia/Brisbane,74.6,80.5,-5.9,-0.073,108.77,M1
2026-08-16T06:32:47+10:00,20260816T063247-a4841fd8,Northbound,Greenmount Beach,Toowong Village,Sunday,2026-08-16,6,32,Australia/Brisbane,73.2,79.7,-6.5,-0.082,108.76,M1
2026-08-16T06:59:10+10:00,20260816T065910-42690677,Southbound,Toowong Village,Greenmount Beach,Sunday,2026-08-16,6,59,Australia/Brisbane,74.7,80.5,-5.8,-0.071,108.77,M1
2026-08-16T06:59:10+10:00,20260816T065910-42690677,Northbound,Greenmount Beach,Toowong Village,Sunday,2026-08-16,6,59,Australia/Brisbane,73.8,79.7,-5.9,-0.074,108.76,M1
2026-08-16T07:29:14+10:00,20260816T072914-9c421c49,Southbound,Toowong Village,Greenmount Beach,Sunday,2026-08-16,7,29,Australia/Brisbane,76.5,80.5,-4.0,-0.05,108.93,M1
2026-08-16T07:29:14+10:00,20260816T072914-9c421c49,Northbound,Greenmount Beach,Toowong Village,Sunday,2026-08-16,7,29,Australia/Brisbane,74.9,79.7,-4.8,-0.06,108.76,M1
2026-08-16T07:49:19+10:00,20260816T074919-f1ed09b7,Southbound,Toowong Village,Greenmount Beach,Sunday,2026-08-16,7,49,Australia/Brisbane,77.1,80.5,-3.4,-0.042,108.93,M1
2026-08-16T07:49:19+10:00,20260816T074919-f1ed09b7,Northbound,Greenmount Beach,Toowong Village,Sunday,2026-08-16,7,49,Australia/Brisbane,75.9,79.7,-3.8,-0.047,108.76,M1
2026-08-16T08:23:09+10:00,20260816T082309-a33f2e4b,Southbound,Toowong Village,Greenmount Beach,Sunday,2026-08-16,8,23,Australia/Brisbane,78.5,80.5,-2.0,-0.024,108.93,M1
2026-08-16T08:23:09+10:00,20260816T082309-a33f2e4b,Northbound,Greenmount Beach,Toowong Village,Sunday,2026-08-16,8,23,Australia/Brisbane,76.8,79.7,-2.8,-0.036,108.76,M1
2026-08-16T08:48:24+10:00,20260816T084824-f3d8ca97,Southbound,Toowong Village,Greenmount Beach,Sunday,2026-08-16,8,48,Australia/Brisbane,80.2,80.5,-0.3,-0.004,108.93,M1
2026-08-16T08:48:24+10:00,20260816T084824-f3d8ca97,Northbound,Greenmount Beach,Toowong Village,Sunday,2026-08-16,8,48,Australia/Brisbane,77.6,79.7,-2.1,-0.027,108.76,M1
2026-08-16T09:21:15+10:00,20260816T092115-60f0faea,Southbound,Toowong Village,Greenmount Beach,Sunday,2026-08-16,9,21,Australia/Brisbane,81.9,80.5,1.4,0.017,108.93,M1
2026-08-16T09:21:15+10:00,20260816T092115-60f0faea,Northbound,Greenmount Beach,Toowong Village,Sunday,2026-08-16,9,21,Australia/Brisbane,78.5,79.7,-1.2,-0.015,108.76,M1
2026-08-16T09:45:13+10:00,20260816T094513-66edbdf0,Southbound,Toowong Village,Greenmount Beach,Sunday,2026-08-16,9,45,Australia/Brisbane,83.0,80.5,2.5,0.03,108.93,M1
2026-08-16T09:45:13+10:00,20260816T094513-66edbdf0,Northbound,Greenmount Beach,Toowong Village,Sunday,2026-08-16,9,45,Australia/Brisbane,81.0,79.7,1.4,0.017,108.76,M1
2026-08-16T11:22:59+10:00,20260816T112259-a2209689,Southbound,Toowong Village,Greenmount Beach,Sunday,2026-08-16,11,22,Australia/Brisbane,85.3,80.7,4.6,0.057,108.9,M1
2026-08-16T11:22:59+10:00,20260816T112259-a2209689,Northbound,Greenmount Beach,Toowong Village,Sunday,2026-08-16,11,22,Australia/Brisbane,86.0,84.4,1.6,0.019,120.97,M1
2026-08-16T12:42:41+10:00,20260816T124241-15a4c5bb,Southbound,Toowong Village,Greenmount Beach,Sunday,2026-08-16,12,42,Australia/Brisbane,82.9,82.8,0.1,0.001,120.29,M1
2026-08-16T12:42:41+10:00,20260816T124241-15a4c5bb,Northbound,Greenmount Beach,Toowong Village,Sunday,2026-08-16,12,42,Australia/Brisbane,84.9,83.8,1.1,0.014,120.82,M1
2026-08-16T13:33:50+10:00,20260816T133350-915362ef,Southbound,Toowong Village,Greenmount Beach,Sunday,2026-08-16,13,33,Australia/Brisbane,80.4,80.5,-0.1,-0.001,108.93,M1
2026-08-16T13:33:50+10:00,20260816T133350-915362ef,Northbound,Greenmount Beach,Toowong Village,Sunday,2026-08-16,13,33,Australia/Brisbane,85.5,83.8,1.7,0.02,120.82,M1
2026-08-16T14:21:14+10:00,20260816T142114-97bec5b7,Southbound,Toowong Village,Greenmount Beach,Sunday,2026-08-16,14,21,Australia/Brisbane,80.2,80.5,-0.3,-0.004,108.93,M1
2026-08-16T14:21:14+10:00,20260816T142114-97bec5b7,Northbound,Greenmount Beach,Toowong Village,Sunday,2026-08-16,14,21,Australia/Brisbane,83.9,83.8,0.1,0.002,120.82,M1
2026-08-16T15:00:41+10:00,20260816T150041-417646d5,Southbound,Toowong Village,Greenmount Beach,Sunday,2026-08-16,15,0,Australia/Brisbane,80.2,80.6,-0.5,-0.006,109.11,M1
2026-08-16T15:00:41+10:00,20260816T150041-417646d5,Northbound,Greenmount Beach,Toowong Village,Sunday,2026-08-16,15,0,Australia/Brisbane,86.0,79.7,6.3,0.079,108.76,M1
2026-08-16T15:43:37+10:00,20260816T154337-45303094,Southbound,Toowong Village,Greenmount Beach,Sunday,2026-08-16,15,43,Australia/Brisbane,79.6,80.5,-0.9,-0.012,108.93,M1
2026-08-16T15:43:37+10:00,20260816T154337-45303094,Northbound,Greenmount Beach,Toowong Village,Sunday,2026-08-16,15,43,Australia/Brisbane,87.6,79.7,8.0,0.1,108.76,M1
2026-08-16T16:03:21+10:00,20260816T160321-6c8f3b4a,Southbound,Toowong Village,Greenmount Beach,Sunday,2026-08-16,16,3,Australia/Brisbane,78.8,80.5,-1.6,-0.021,108.77,M1
2026-08-16T16:03:21+10:00,20260816T160321-6c8f3b4a,Northbound,Greenmount Beach,Toowong Village,Sunday,2026-08-16,16,3,Australia/Brisbane,85.0,79.7,5.4,0.067,108.76,M1
2026-08-16T16:59:22+10:00,20260816T165922-82463531,Southbound,Toowong Village,Greenmount Beach,Sunday,2026-08-16,16,59,Australia/Brisbane,78.3,80.5,-2.2,-0.027,108.77,M1
2026-08-16T16:59:22+10:00,20260816T165922-82463531,Northbound,Greenmount Beach,Toowong Village,Sunday,2026-08-16,16,59,Australia/Brisbane,81.3,79.7,1.6,0.02,108.76,M1
2026-08-16T17:38:20+10:00,20260816T173820-9b065a44,Southbound,Toowong Village,Greenmount Beach,Sunday,2026-08-16,17,38,Australia/Brisbane,77.8,80.4,-2.6,-0.032,108.63,M1
2026-08-16T17:38:20+10:00,20260816T173820-9b065a44,Northbound,Greenmount Beach,Toowong Village,Sunday,2026-08-16,17,38,Australia/Brisbane,79.7,79.7,-0.0,-0.0,108.76,M1
2026-08-16T18:00:36+10:00,20260816T180036-32ceb23f,Southbound,Toowong Village,Greenmount Beach,Sunday,2026-08-16,18,0,Australia/Brisbane,77.8,80.4,-2.6,-0.032,108.63,M1
2026-08-16T18:00:36+10:00,20260816T180036-32ceb23f,Northbound,Greenmount Beach,Toowong Village,Sunday,2026-08-16,18,0,Australia/Brisbane,78.9,79.7,-0.8,-0.01,108.76,M1
2026-08-16T18:46:55+10:00,20260816T184655-20cafc92,Southbound,Toowong Village,Greenmount Beach,Sunday,2026-08-16,18,46,Australia/Brisbane,77.2,80.4,-3.2,-0.039,108.63,M1
2026-08-16T18:46:55+10:00,20260816T184655-20cafc92,Northbound,Greenmount Beach,Toowong Village,Sunday,2026-08-16,18,46,Australia/Brisbane,76.1,79.8,-3.7,-0.047,108.91,M1
2026-08-16T19:28:01+10:00,20260816T192801-2582bb4b,Southbound,Toowong Village,Greenmount Beach,Sunday,2026-08-16,19,28,Australia/Brisbane,77.5,80.4,-2.9,-0.036,108.63,M1
2026-08-16T19:28:01+10:00,20260816T192801-2582bb4b,Northbound,Greenmount Beach,Toowong Village,Sunday,2026-08-16,19,28,Australia/Brisbane,75.3,79.7,-4.3,-0.054,108.76,M1
2026-08-16T19:52:55+10:00,20260816T195255-f5a314f2,Southbound,Toowong Village,Greenmount Beach,Sunday,2026-08-16,19,52,Australia/Brisbane,76.2,80.5,-4.3,-0.053,108.77,M1
2026-08-16T19:52:55+10:00,20260816T195255-f5a314f2,Northbound,Greenmount Beach,Toowong Village,Sunday,2026-08-16,19,52,Australia/Brisbane,75.2,79.7,-4.5,-0.057,108.76,M1
2026-08-16T20:23:45+10:00,20260816T202345-34b1af0c,Southbound,Toowong Village,Greenmount Beach,Sunday,2026-08-16,20,23,Australia/Brisbane,77.3,80.4,-3.1,-0.038,108.63,M1
2026-08-16T20:23:45+10:00,20260816T202345-34b1af0c,Northbound,Greenmount Beach,Toowong Village,Sunday,2026-08-16,20,23,Australia/Brisbane,75.4,79.7,-4.3,-0.054,108.76,M1
2026-08-16T20:49:30+10:00,20260816T204930-bd01b207,Southbound,Toowong Village,Greenmount Beach,Sunday,2026-08-16,20,49,Australia/Brisbane,76.8,81.5,-4.8,-0.058,106.47,M1
2026-08-16T20:49:30+10:00,20260816T204930-bd01b207,Northbound,Greenmount Beach,Toowong Village,Sunday,2026-08-16,20,49,Australia/Brisbane,75.4,79.7,-4.3,-0.054,108.76,M1
2026-08-17T05:21:37+10:00,20260817T052137-4b0acd8d,Southbound,Toowong Village,Greenmount Beach,Monday,2026-08-17,5,21,Australia/Brisbane,77.2,80.4,-3.2,-0.04,108.63,M1
2026-08-17T05:21:37+10:00,20260817T052137-4b0acd8d,Northbound,Greenmount Beach,Toowong Village,Monday,2026-08-17,5,21,Australia/Brisbane,94.5,84.6,9.9,0.117,110.94,M1
2026-08-17T05:44:24+10:00,20260817T054424-42d17a17,Southbound,Toowong Village,Greenmount Beach,Monday,2026-08-17,5,44,Australia/Brisbane,81.0,80.4,0.6,0.007,108.63,M1
2026-08-17T05:44:24+10:00,20260817T054424-42d17a17,Northbound,Greenmount Beach,Toowong Village,Monday,2026-08-17,5,44,Australia/Brisbane,100.4,83.2,17.2,0.207,110.84,M1
2026-08-17T05:58:37+10:00,20260817T055837-d9987566,Southbound,Toowong Village,Greenmount Beach,Monday,2026-08-17,5,58,Australia/Brisbane,81.6,80.4,1.3,0.016,108.63,M1
2026-08-17T05:58:37+10:00,20260817T055837-d9987566,Northbound,Greenmount Beach,Toowong Village,Monday,2026-08-17,5,58,Australia/Brisbane,101.5,79.7,21.8,0.273,108.76,M1
2026-08-17T06:32:00+10:00,20260817T063200-9e513d1d,Southbound,Toowong Village,Greenmount Beach,Monday,2026-08-17,6,32,Australia/Brisbane,87.1,80.4,6.7,0.084,108.63,M1
2026-08-17T06:32:00+10:00,20260817T063200-9e513d1d,Northbound,Greenmount Beach,Toowong Village,Monday,2026-08-17,6,32,Australia/Brisbane,110.3,79.7,30.7,0.385,108.76,M1
2026-08-17T06:58:44+10:00,20260817T065844-5c013c02,Southbound,Toowong Village,Greenmount Beach,Monday,2026-08-17,6,58,Australia/Brisbane,91.5,80.4,11.2,0.139,108.63,M1
2026-08-17T06:58:44+10:00,20260817T065844-5c013c02,Northbound,Greenmount Beach,Toowong Village,Monday,2026-08-17,6,58,Australia/Brisbane,105.0,79.7,25.3,0.318,108.76,M1
2026-08-17T07:28:20+10:00,20260817T072820-d605991c,Southbound,Toowong Village,Greenmount Beach,Monday,2026-08-17,7,28,Australia/Brisbane,100.0,80.4,19.6,0.243,108.42,M1
2026-08-17T07:28:20+10:00,20260817T072820-d605991c,Northbound,Greenmount Beach,Toowong Village,Monday,2026-08-17,7,28,Australia/Brisbane,98.4,79.7,18.7,0.234,108.76,M1
2026-08-17T07:48:27+10:00,20260817T074827-d5eb054f,Southbound,Toowong Village,Greenmount Beach,Monday,2026-08-17,7,48,Australia/Brisbane,97.2,82.4,14.8,0.18,109.41,M1
2026-08-17T07:48:27+10:00,20260817T074827-d5eb054f,Northbound,Greenmount Beach,Toowong Village,Monday,2026-08-17,7,48,Australia/Brisbane,94.2,79.7,14.6,0.183,108.76,M1
2026-08-17T08:21:59+10:00,20260817T082159-26fe5e7d,Southbound,Toowong Village,Greenmount Beach,Monday,2026-08-17,8,21,Australia/Brisbane,92.5,82.4,10.1,0.123,109.68,M1
2026-08-17T08:21:59+10:00,20260817T082159-26fe5e7d,Northbound,Greenmount Beach,Toowong Village,Monday,2026-08-17,8,21,Australia/Brisbane,89.0,79.7,9.3,0.117,108.76,M1
2026-08-17T08:47:02+10:00,20260817T084702-48911729,Southbound,Toowong Village,Greenmount Beach,Monday,2026-08-17,8,47,Australia/Brisbane,88.7,81.8,6.8,0.084,109.45,M1
2026-08-17T08:47:02+10:00,20260817T084702-48911729,Northbound,Greenmount Beach,Toowong Village,Monday,2026-08-17,8,47,Australia/Brisbane,86.2,79.7,6.5,0.082,108.76,M1
2026-08-17T09:20:22+10:00,20260817T092022-ac1ecf6e,Southbound,Toowong Village,Greenmount Beach,Monday,2026-08-17,9,20,Australia/Brisbane,83.4,80.4,2.9,0.036,108.42,M1
2026-08-17T09:20:22+10:00,20260817T092022-ac1ecf6e,Northbound,Greenmount Beach,Toowong Village,Monday,2026-08-17,9,20,Australia/Brisbane,84.1,79.7,4.4,0.055,108.76,M1
2026-08-17T09:44:43+10:00,20260817T094443-edb8d9fc,Southbound,Toowong Village,Greenmount Beach,Monday,2026-08-17,9,44,Australia/Brisbane,83.7,80.4,3.3,0.041,108.63,M1
2026-08-17T09:44:43+10:00,20260817T094443-edb8d9fc,Northbound,Greenmount Beach,Toowong Village,Monday,2026-08-17,9,44,Australia/Brisbane,84.7,79.7,5.0,0.063,108.76,M1
2026-08-17T09:59:02+10:00,20260817T095902-71a956e5,Southbound,Toowong Village,Greenmount Beach,Monday,2026-08-17,9,59,Australia/Brisbane,82.5,80.5,2.0,0.025,108.93,M1
2026-08-17T09:59:02+10:00,20260817T095902-71a956e5,Northbound,Greenmount Beach,Toowong Village,Monday,2026-08-17,9,59,Australia/Brisbane,84.2,79.7,4.5,0.056,108.76,M1
2026-08-17T11:49:30+10:00,20260817T114930-689a3158,Southbound,Toowong Village,Greenmount Beach,Monday,2026-08-17,11,49,Australia/Brisbane,81.9,80.5,1.4,0.017,108.93,M1
2026-08-17T11:49:30+10:00,20260817T114930-689a3158,Northbound,Greenmount Beach,Toowong Village,Monday,2026-08-17,11,49,Australia/Brisbane,79.8,79.8,0.0,0.0,108.91,M1
2026-08-17T13:00:52+10:00,20260817T130052-6e3c8a88,Southbound,Toowong Village,Greenmount Beach,Monday,2026-08-17,13,0,Australia/Brisbane,83.2,80.4,2.8,0.035,108.63,M1
2026-08-17T13:00:52+10:00,20260817T130052-6e3c8a88,Northbound,Greenmount Beach,Toowong Village,Monday,2026-08-17,13,0,Australia/Brisbane,80.2,79.8,0.4,0.005,108.91,M1
2026-08-17T14:02:42+10:00,20260817T140242-1369cc27,Southbound,Toowong Village,Greenmount Beach,Monday,2026-08-17,14,2,Australia/Brisbane,88.4,80.4,8.1,0.1,108.63,M1
2026-08-17T14:02:42+10:00,20260817T140242-1369cc27,Northbound,Greenmount Beach,Toowong Village,Monday,2026-08-17,14,2,Australia/Brisbane,84.0,79.8,4.2,0.052,108.91,M1
2026-08-17T14:58:15+10:00,20260817T145815-5333b488,Southbound,Toowong Village,Greenmount Beach,Monday,2026-08-17,14,58,Australia/Brisbane,108.2,80.4,27.7,0.345,108.42,M1
2026-08-17T14:58:15+10:00,20260817T145815-5333b488,Northbound,Greenmount Beach,Toowong Village,Monday,2026-08-17,14,58,Australia/Brisbane,87.6,79.8,7.8,0.098,108.91,M1
2026-08-17T15:41:03+10:00,20260817T154103-c5a02f39,Southbound,Toowong Village,Greenmount Beach,Monday,2026-08-17,15,41,Australia/Brisbane,117.7,80.6,37.1,0.461,108.73,M1
2026-08-17T15:41:03+10:00,20260817T154103-c5a02f39,Northbound,Greenmount Beach,Toowong Village,Monday,2026-08-17,15,41,Australia/Brisbane,91.4,79.7,11.7,0.147,108.76,M1
2026-08-17T16:20:21+10:00,20260817T162021-d6373208,Southbound,Toowong Village,Greenmount Beach,Monday,2026-08-17,16,20,Australia/Brisbane,108.7,80.4,28.2,0.351,108.42,M1
2026-08-17T16:20:21+10:00,20260817T162021-d6373208,Northbound,Greenmount Beach,Toowong Village,Monday,2026-08-17,16,20,Australia/Brisbane,89.7,84.0,5.7,0.068,120.75,M1
2026-08-17T17:32:31+10:00,20260817T173231-91593205,Southbound,Toowong Village,Greenmount Beach,Monday,2026-08-17,17,32,Australia/Brisbane,88.9,82.8,6.1,0.074,108.94,M1
2026-08-17T17:32:31+10:00,20260817T173231-91593205,Northbound,Greenmount Beach,Toowong Village,Monday,2026-08-17,17,32,Australia/Brisbane,79.1,79.7,-0.6,-0.007,108.76,M1
2026-08-17T18:24:21+10:00,20260817T182421-117b6ddc,Southbound,Toowong Village,Greenmount Beach,Monday,2026-08-17,18,24,Australia/Brisbane,78.8,81.6,-2.9,-0.035,106.27,M1
2026-08-17T18:24:21+10:00,20260817T182421-117b6ddc,Northbound,Greenmount Beach,Toowong Village,Monday,2026-08-17,18,24,Australia/Brisbane,76.0,79.7,-3.7,-0.046,108.76,M1
2026-08-17T19:09:11+10:00,20260817T190911-e11962c3,Southbound,Toowong Village,Greenmount Beach,Monday,2026-08-17,19,9,Australia/Brisbane,79.4,84.3,-4.9,-0.058,106.43,M1
2026-08-17T19:09:11+10:00,20260817T190911-e11962c3,Northbound,Greenmount Beach,Toowong Village,Monday,2026-08-17,19,9,Australia/Brisbane,77.1,81.5,-4.3,-0.053,106.35,M1
2026-08-17T19:57:29+10:00,20260817T195729-b9c39557,Southbound,Toowong Village,Greenmount Beach,Monday,2026-08-17,19,57,Australia/Brisbane,78.6,84.4,-5.8,-0.069,106.29,M1
2026-08-17T19:57:29+10:00,20260817T195729-b9c39557,Northbound,Greenmount Beach,Toowong Village,Monday,2026-08-17,19,57,Australia/Brisbane,79.2,84.9,-5.7,-0.067,106.5,M1
2026-08-17T20:39:18+10:00,20260817T203918-be0d0718,Southbound,Toowong Village,Greenmount Beach,Monday,2026-08-17,20,39,Australia/Brisbane,77.3,80.4,-3.0,-0.038,108.63,M1
2026-08-17T20:39:18+10:00,20260817T203918-be0d0718,Northbound,Greenmount Beach,Toowong Village,Monday,2026-08-17,20,39,Australia/Brisbane,77.7,81.5,-3.8,-0.046,106.35,M1
2026-08-18T05:28:49+10:00,20260818T052849-5cf74f2e,Southbound,Toowong Village,Greenmount Beach,Tuesday,2026-08-18,5,28,Australia/Brisbane,78.8,80.4,-1.5,-0.019,108.63,M1
2026-08-18T05:28:49+10:00,20260818T052849-5cf74f2e,Northbound,Greenmount Beach,Toowong Village,Tuesday,2026-08-18,5,28,Australia/Brisbane,101.0,84.6,16.4,0.194,110.94,M1
2026-08-18T05:53:24+10:00,20260818T055324-b4f09b22,Southbound,Toowong Village,Greenmount Beach,Tuesday,2026-08-18,5,53,Australia/Brisbane,84.5,80.4,4.2,0.052,108.63,M1
2026-08-18T05:53:24+10:00,20260818T055324-b4f09b22,Northbound,Greenmount Beach,Toowong Village,Tuesday,2026-08-18,5,53,Australia/Brisbane,113.3,79.7,33.7,0.423,108.76,M1
2026-08-18T06:28:20+10:00,20260818T062820-8802d390,Southbound,Toowong Village,Greenmount Beach,Tuesday,2026-08-18,6,28,Australia/Brisbane,90.7,80.4,10.3,0.128,108.63,M1
2026-08-18T06:28:20+10:00,20260818T062820-8802d390,Northbound,Greenmount Beach,Toowong Village,Tuesday,2026-08-18,6,28,Australia/Brisbane,117.0,79.7,37.3,0.469,108.76,M1
2026-08-18T06:56:17+10:00,20260818T065617-ce572e3c,Southbound,Toowong Village,Greenmount Beach,Tuesday,2026-08-18,6,56,Australia/Brisbane,98.4,80.4,18.1,0.225,108.63,M1
2026-08-18T06:56:17+10:00,20260818T065617-ce572e3c,Northbound,Greenmount Beach,Toowong Village,Tuesday,2026-08-18,6,56,Australia/Brisbane,110.1,79.7,30.4,0.382,108.76,M1
2026-08-18T07:29:37+10:00,20260818T072937-e16aaae6,Southbound,Toowong Village,Greenmount Beach,Tuesday,2026-08-18,7,29,Australia/Brisbane,99.8,82.4,17.4,0.211,109.41,M1
2026-08-18T07:29:37+10:00,20260818T072937-e16aaae6,Northbound,Greenmount Beach,Toowong Village,Tuesday,2026-08-18,7,29,Australia/Brisbane,105.7,79.7,26.0,0.326,108.76,M1
2026-08-18T07:52:51+10:00,20260818T075251-017f0491,Southbound,Toowong Village,Greenmount Beach,Tuesday,2026-08-18,7,52,Australia/Brisbane,98.2,82.2,16.0,0.195,109.38,M1
2026-08-18T07:52:51+10:00,20260818T075251-017f0491,Northbound,Greenmount Beach,Toowong Village,Tuesday,2026-08-18,7,52,Australia/Brisbane,100.9,79.7,21.2,0.267,108.76,M1
2026-08-18T08:25:51+10:00,20260818T082551-abedafd5,Southbound,Toowong Village,Greenmount Beach,Tuesday,2026-08-18,8,25,Australia/Brisbane,91.9,82.7,9.2,0.112,119.99,M1
2026-08-18T08:25:51+10:00,20260818T082551-abedafd5,Northbound,Greenmount Beach,Toowong Village,Tuesday,2026-08-18,8,25,Australia/Brisbane,89.0,83.8,5.2,0.063,120.82,M1
2026-08-18T08:51:22+10:00,20260818T085122-4596cfb1,Southbound,Toowong Village,Greenmount Beach,Tuesday,2026-08-18,8,51,Australia/Brisbane,88.8,82.8,6.0,0.072,120.29,M1
2026-08-18T08:51:22+10:00,20260818T085122-4596cfb1,Northbound,Greenmount Beach,Toowong Village,Tuesday,2026-08-18,8,51,Australia/Brisbane,85.3,83.8,1.6,0.019,120.82,M1
2026-08-18T09:23:38+10:00,20260818T092338-6473f972,Southbound,Toowong Village,Greenmount Beach,Tuesday,2026-08-18,9,23,Australia/Brisbane,84.2,80.5,3.7,0.046,108.93,M1
2026-08-18T09:23:38+10:00,20260818T092338-6473f972,Northbound,Greenmount Beach,Toowong Village,Tuesday,2026-08-18,9,23,Australia/Brisbane,85.3,79.7,5.6,0.07,108.76,M1
2026-08-18T09:47:39+10:00,20260818T094739-cc9d920a,Southbound,Toowong Village,Greenmount Beach,Tuesday,2026-08-18,9,47,Australia/Brisbane,84.2,80.5,3.7,0.046,108.93,M1
2026-08-18T09:47:39+10:00,20260818T094739-cc9d920a,Northbound,Greenmount Beach,Toowong Village,Tuesday,2026-08-18,9,47,Australia/Brisbane,83.4,79.7,3.7,0.046,108.76,M1
2026-08-18T11:17:03+10:00,20260818T111703-82ffbe62,Southbound,Toowong Village,Greenmount Beach,Tuesday,2026-08-18,11,17,Australia/Brisbane,83.7,80.5,3.2,0.04,108.93,M1
2026-08-18T11:17:03+10:00,20260818T111703-82ffbe62,Northbound,Greenmount Beach,Toowong Village,Tuesday,2026-08-18,11,17,Australia/Brisbane,80.8,79.7,1.1,0.014,108.76,M1
2026-08-18T12:36:33+10:00,20260818T123633-d0883494,Southbound,Toowong Village,Greenmount Beach,Tuesday,2026-08-18,12,36,Australia/Brisbane,82.4,80.5,1.9,0.023,108.93,M1
2026-08-18T12:36:33+10:00,20260818T123633-d0883494,Northbound,Greenmount Beach,Toowong Village,Tuesday,2026-08-18,12,36,Australia/Brisbane,81.7,81.0,0.7,0.008,108.97,M1
2026-08-18T13:27:18+10:00,20260818T132718-4feef36e,Southbound,Toowong Village,Greenmount Beach,Tuesday,2026-08-18,13,27,Australia/Brisbane,82.8,80.4,2.4,0.03,108.63,M1
2026-08-18T13:27:18+10:00,20260818T132718-4feef36e,Northbound,Greenmount Beach,Toowong Village,Tuesday,2026-08-18,13,27,Australia/Brisbane,85.4,79.7,5.7,0.072,108.76,M1
2026-08-18T14:09:26+10:00,20260818T140926-367b5041,Southbound,Toowong Village,Greenmount Beach,Tuesday,2026-08-18,14,9,Australia/Brisbane,97.2,80.4,16.8,0.209,108.63,M1
2026-08-18T14:09:26+10:00,20260818T140926-367b5041,Northbound,Greenmount Beach,Toowong Village,Tuesday,2026-08-18,14,9,Australia/Brisbane,87.2,79.8,7.5,0.093,108.91,M1
2026-08-18T14:52:43+10:00,20260818T145243-8d094e63,Southbound,Toowong Village,Greenmount Beach,Tuesday,2026-08-18,14,52,Australia/Brisbane,109.8,82.7,27.1,0.328,119.99,M1
2026-08-18T14:52:43+10:00,20260818T145243-8d094e63,Northbound,Greenmount Beach,Toowong Village,Tuesday,2026-08-18,14,52,Australia/Brisbane,88.8,79.8,9.0,0.113,108.91,M1
2026-08-18T15:30:40+10:00,20260818T153040-8e8f0712,Southbound,Toowong Village,Greenmount Beach,Tuesday,2026-08-18,15,30,Australia/Brisbane,117.3,84.0,33.2,0.395,114.65,M1
2026-08-18T15:30:40+10:00,20260818T153040-8e8f0712,Northbound,Greenmount Beach,Toowong Village,Tuesday,2026-08-18,15,30,Australia/Brisbane,94.1,79.8,14.3,0.18,108.73,M1
2026-08-18T16:02:02+10:00,20260818T160202-807045bd,Southbound,Toowong Village,Greenmount Beach,Tuesday,2026-08-18,16,2,Australia/Brisbane,114.2,85.1,29.1,0.343,115.43,M1
2026-08-18T16:02:02+10:00,20260818T160202-807045bd,Northbound,Greenmount Beach,Toowong Village,Tuesday,2026-08-18,16,2,Australia/Brisbane,95.4,79.7,15.7,0.197,108.76,M1
2026-08-18T17:04:20+10:00,20260818T170420-9b2c8dff,Southbound,Toowong Village,Greenmount Beach,Tuesday,2026-08-18,17,4,Australia/Brisbane,99.4,80.5,19.0,0.236,108.42,M1
2026-08-18T17:04:20+10:00,20260818T170420-9b2c8dff,Northbound,Greenmount Beach,Toowong Village,Tuesday,2026-08-18,17,4,Australia/Brisbane,85.9,83.8,2.1,0.025,120.82,M1
2026-08-18T17:54:03+10:00,20260818T175403-ba9269e0,Southbound,Toowong Village,Greenmount Beach,Tuesday,2026-08-18,17,54,Australia/Brisbane,86.0,81.6,4.4,0.054,106.27,M1
2026-08-18T17:54:03+10:00,20260818T175403-ba9269e0,Northbound,Greenmount Beach,Toowong Village,Tuesday,2026-08-18,17,54,Australia/Brisbane,77.8,79.7,-1.9,-0.023,108.76,M1
2026-08-18T18:37:57+10:00,20260818T183757-d198d81b,Southbound,Toowong Village,Greenmount Beach,Tuesday,2026-08-18,18,37,Australia/Brisbane,79.0,81.5,-2.5,-0.031,106.47,M1
2026-08-18T18:37:57+10:00,20260818T183757-d198d81b,Northbound,Greenmount Beach,Toowong Village,Tuesday,2026-08-18,18,37,Australia/Brisbane,75.9,79.7,-3.8,-0.047,108.76,M1
2026-08-18T19:15:07+10:00,20260818T191507-2fc948c7,Southbound,Toowong Village,Greenmount Beach,Tuesday,2026-08-18,19,15,Australia/Brisbane,77.0,80.4,-3.4,-0.042,108.63,M1
2026-08-18T19:15:07+10:00,20260818T191507-2fc948c7,Northbound,Greenmount Beach,Toowong Village,Tuesday,2026-08-18,19,15,Australia/Brisbane,76.9,81.0,-4.1,-0.051,106.58,M1
2026-08-18T19:52:18+10:00,20260818T195218-7e8eab09,Southbound,Toowong Village,Greenmount Beach,Tuesday,2026-08-18,19,52,Australia/Brisbane,76.3,80.4,-4.1,-0.051,108.63,M1
2026-08-18T19:52:18+10:00,20260818T195218-7e8eab09,Northbound,Greenmount Beach,Toowong Village,Tuesday,2026-08-18,19,52,Australia/Brisbane,75.3,79.7,-4.3,-0.055,108.76,M1
2026-08-18T20:29:49+10:00,20260818T202949-77dadefa,Southbound,Toowong Village,Greenmount Beach,Tuesday,2026-08-18,20,29,Australia/Brisbane,78.3,80.4,-2.1,-0.026,108.63,M1
2026-08-18T20:29:49+10:00,20260818T202949-77dadefa,Northbound,Greenmount Beach,Toowong Village,Tuesday,2026-08-18,20,29,Australia/Brisbane,79.3,81.0,-1.6,-0.02,106.58,M1
2026-08-18T20:58:32+10:00,20260818T205832-d22d8bc5,Southbound,Toowong Village,Greenmount Beach,Tuesday,2026-08-18,20,58,Australia/Brisbane,77.6,80.4,-2.8,-0.035,108.63,M1
2026-08-18T20:58:32+10:00,20260818T205832-d22d8bc5,Northbound,Greenmount Beach,Toowong Village,Tuesday,2026-08-18,20,58,Australia/Brisbane,79.3,81.5,-2.1,-0.026,106.35,M1
2026-08-19T05:28:34+10:00,20260819T052834-212c2295,Southbound,Toowong Village,Greenmount Beach,Wednesday,2026-08-19,5,28,Australia/Brisbane,79.2,80.3,-1.2,-0.015,108.63,M1
2026-08-19T05:28:34+10:00,20260819T052834-212c2295,Northbound,Greenmount Beach,Toowong Village,Wednesday,2026-08-19,5,28,Australia/Brisbane,102.4,83.8,18.6,0.222,120.82,M1
2026-08-19T05:51:10+10:00,20260819T055110-a675287d,Southbound,Toowong Village,Greenmount Beach,Wednesday,2026-08-19,5,51,Australia/Brisbane,83.0,80.3,2.7,0.033,108.63,M1
2026-08-19T05:51:10+10:00,20260819T055110-a675287d,Northbound,Greenmount Beach,Toowong Village,Wednesday,2026-08-19,5,51,Australia/Brisbane,108.6,79.7,28.9,0.363,108.76,M1
2026-08-19T06:25:22+10:00,20260819T062522-bd889247,Southbound,Toowong Village,Greenmount Beach,Wednesday,2026-08-19,6,25,Australia/Brisbane,85.8,80.3,5.5,0.068,108.63,M1
2026-08-19T06:25:22+10:00,20260819T062522-bd889247,Northbound,Greenmount Beach,Toowong Village,Wednesday,2026-08-19,6,25,Australia/Brisbane,113.5,79.7,33.8,0.424,108.76,M1
2026-08-19T06:50:36+10:00,20260819T065036-e1c4cac7,Southbound,Toowong Village,Greenmount Beach,Wednesday,2026-08-19,6,50,Australia/Brisbane,92.2,80.3,11.8,0.147,108.63,M1
2026-08-19T06:50:36+10:00,20260819T065036-e1c4cac7,Northbound,Greenmount Beach,Toowong Village,Wednesday,2026-08-19,6,50,Australia/Brisbane,110.7,79.7,31.0,0.389,108.76,M1
2026-08-19T07:25:35+10:00,20260819T072535-d92a5ea1,Southbound,Toowong Village,Greenmount Beach,Wednesday,2026-08-19,7,25,Australia/Brisbane,95.7,82.3,13.4,0.163,109.41,M1
2026-08-19T07:25:35+10:00,20260819T072535-d92a5ea1,Northbound,Greenmount Beach,Toowong Village,Wednesday,2026-08-19,7,25,Australia/Brisbane,105.6,79.7,25.9,0.325,108.76,M1
2026-08-19T07:49:01+10:00,20260819T074901-fcc44fcc,Southbound,Toowong Village,Greenmount Beach,Wednesday,2026-08-19,7,49,Australia/Brisbane,96.8,82.2,14.7,0.178,109.38,M1
2026-08-19T07:49:01+10:00,20260819T074901-fcc44fcc,Northbound,Greenmount Beach,Toowong Village,Wednesday,2026-08-19,7,49,Australia/Brisbane,103.7,79.7,24.0,0.302,108.76,M1
2026-08-19T08:24:51+10:00,20260819T082451-7b2288e3,Southbound,Toowong Village,Greenmount Beach,Wednesday,2026-08-19,8,24,Australia/Brisbane,93.0,82.0,11.0,0.134,109.75,M1
2026-08-19T08:24:51+10:00,20260819T082451-7b2288e3,Northbound,Greenmount Beach,Toowong Village,Wednesday,2026-08-19,8,24,Australia/Brisbane,93.3,79.7,13.6,0.171,108.76,M1
2026-08-19T08:51:48+10:00,20260819T085148-38166cfa,Southbound,Toowong Village,Greenmount Beach,Wednesday,2026-08-19,8,51,Australia/Brisbane,87.5,82.8,4.7,0.057,120.29,M1
2026-08-19T08:51:48+10:00,20260819T085148-38166cfa,Northbound,Greenmount Beach,Toowong Village,Wednesday,2026-08-19,8,51,Australia/Brisbane,88.0,79.7,8.3,0.105,108.76,M1
2026-08-19T09:23:23+10:00,20260819T092323-5f096b50,Southbound,Toowong Village,Greenmount Beach,Wednesday,2026-08-19,9,23,Australia/Brisbane,84.3,80.5,3.8,0.047,108.93,M1
2026-08-19T09:23:23+10:00,20260819T092323-5f096b50,Northbound,Greenmount Beach,Toowong Village,Wednesday,2026-08-19,9,23,Australia/Brisbane,85.4,79.7,5.7,0.072,108.76,M1
2026-08-19T09:47:32+10:00,20260819T094732-d44a2079,Southbound,Toowong Village,Greenmount Beach,Wednesday,2026-08-19,9,47,Australia/Brisbane,83.4,80.6,2.8,0.034,108.73,M1
2026-08-19T09:47:32+10:00,20260819T094732-d44a2079,Northbound,Greenmount Beach,Toowong Village,Wednesday,2026-08-19,9,47,Australia/Brisbane,84.9,79.7,5.2,0.065,108.76,M1
2026-08-19T11:18:35+10:00,20260819T111835-e1e9b3d5,Southbound,Toowong Village,Greenmount Beach,Wednesday,2026-08-19,11,18,Australia/Brisbane,82.6,80.6,2.0,0.025,108.73,M1
2026-08-19T11:18:35+10:00,20260819T111835-e1e9b3d5,Northbound,Greenmount Beach,Toowong Village,Wednesday,2026-08-19,11,18,Australia/Brisbane,81.5,79.7,1.8,0.022,108.76,M1
2026-08-19T12:39:36+10:00,20260819T123936-16d4ed96,Southbound,Toowong Village,Greenmount Beach,Wednesday,2026-08-19,12,39,Australia/Brisbane,83.5,83.0,0.5,0.006,120.46,M1
2026-08-19T12:39:36+10:00,20260819T123936-16d4ed96,Northbound,Greenmount Beach,Toowong Village,Wednesday,2026-08-19,12,39,Australia/Brisbane,80.4,79.8,0.6,0.008,108.91,M1
2026-08-19T13:30:02+10:00,20260819T133002-32fa4355,Southbound,Toowong Village,Greenmount Beach,Wednesday,2026-08-19,13,30,Australia/Brisbane,85.9,82.6,3.4,0.041,119.99,M1
2026-08-19T13:30:02+10:00,20260819T133002-32fa4355,Northbound,Greenmount Beach,Toowong Village,Wednesday,2026-08-19,13,30,Australia/Brisbane,82.0,79.8,2.2,0.028,108.91,M1
2026-08-19T14:17:46+10:00,20260819T141746-01fb17be,Southbound,Toowong Village,Greenmount Beach,Wednesday,2026-08-19,14,17,Australia/Brisbane,117.7,82.6,35.1,0.425,119.99,M1
2026-08-19T14:17:46+10:00,20260819T141746-01fb17be,Northbound,Greenmount Beach,Toowong Village,Wednesday,2026-08-19,14,17,Australia/Brisbane,88.1,79.7,8.4,0.105,108.76,M1
2026-08-19T15:03:00+10:00,20260819T150300-b02177f0,Southbound,Toowong Village,Greenmount Beach,Wednesday,2026-08-19,15,3,Australia/Brisbane,133.9,80.4,53.5,0.665,108.42,M1
2026-08-19T15:03:00+10:00,20260819T150300-b02177f0,Northbound,Greenmount Beach,Toowong Village,Wednesday,2026-08-19,15,3,Australia/Brisbane,97.1,80.3,16.8,0.209,108.84,M1
2026-08-19T15:46:56+10:00,20260819T154656-c39ea838,Southbound,Toowong Village,Greenmount Beach,Wednesday,2026-08-19,15,46,Australia/Brisbane,136.4,83.8,52.6,0.629,114.34,M1
2026-08-19T15:46:56+10:00,20260819T154656-c39ea838,Northbound,Greenmount Beach,Toowong Village,Wednesday,2026-08-19,15,46,Australia/Brisbane,104.3,79.8,24.5,0.307,108.76,M1
2026-08-19T16:45:15+10:00,20260819T164515-d7364af4,Southbound,Toowong Village,Greenmount Beach,Wednesday,2026-08-19,16,45,Australia/Brisbane,119.5,84.8,34.7,0.41,118.58,M1
2026-08-19T16:45:15+10:00,20260819T164515-d7364af4,Northbound,Greenmount Beach,Toowong Village,Wednesday,2026-08-19,16,45,Australia/Brisbane,93.1,84.1,9.0,0.107,120.75,M1
2026-08-19T17:38:48+10:00,20260819T173848-ee52badc,Southbound,Toowong Village,Greenmount Beach,Wednesday,2026-08-19,17,38,Australia/Brisbane,97.0,86.6,10.4,0.12,117.04,M1
2026-08-19T17:38:48+10:00,20260819T173848-ee52badc,Northbound,Greenmount Beach,Toowong Village,Wednesday,2026-08-19,17,38,Australia/Brisbane,83.3,79.8,3.5,0.044,108.91,M1
2026-08-19T18:15:54+10:00,20260819T181554-429a3abb,Southbound,Toowong Village,Greenmount Beach,Wednesday,2026-08-19,18,15,Australia/Brisbane,90.8,83.8,7.0,0.084,117.83,M1
2026-08-19T18:15:54+10:00,20260819T181554-429a3abb,Northbound,Greenmount Beach,Toowong Village,Wednesday,2026-08-19,18,15,Australia/Brisbane,77.6,79.7,-2.1,-0.027,108.76,M1
2026-08-19T19:04:38+10:00,20260819T190438-75afbd18,Southbound,Toowong Village,Greenmount Beach,Wednesday,2026-08-19,19,4,Australia/Brisbane,77.2,80.5,-3.3,-0.041,108.77,M1
2026-08-19T19:04:38+10:00,20260819T190438-75afbd18,Northbound,Greenmount Beach,Toowong Village,Wednesday,2026-08-19,19,4,Australia/Brisbane,75.4,79.7,-4.3,-0.054,108.76,M1
2026-08-19T19:49:10+10:00,20260819T194910-47bac83f,Southbound,Toowong Village,Greenmount Beach,Wednesday,2026-08-19,19,49,Australia/Brisbane,78.2,81.5,-3.3,-0.04,106.47,M1
2026-08-19T19:49:10+10:00,20260819T194910-47bac83f,Northbound,Greenmount Beach,Toowong Village,Wednesday,2026-08-19,19,49,Australia/Brisbane,77.0,80.9,-3.9,-0.049,106.61,M1
2026-08-19T20:29:40+10:00,20260819T202940-f8e9d53b,Southbound,Toowong Village,Greenmount Beach,Wednesday,2026-08-19,20,29,Australia/Brisbane,78.0,81.5,-3.5,-0.042,106.47,M1
2026-08-19T20:29:40+10:00,20260819T202940-f8e9d53b,Northbound,Greenmount Beach,Toowong Village,Wednesday,2026-08-19,20,29,Australia/Brisbane,78.2,81.5,-3.3,-0.04,106.35,M1
2026-08-19T20:57:28+10:00,20260819T205728-e65fdfe1,Southbound,Toowong Village,Greenmount Beach,Wednesday,2026-08-19,20,57,Australia/Brisbane,78.0,81.5,-3.5,-0.042,106.47,M1
2026-08-19T20:57:28+10:00,20260819T205728-e65fdfe1,Northbound,Greenmount Beach,Toowong Village,Wednesday,2026-08-19,20,57,Australia/Brisbane,78.0,81.0,-3.0,-0.037,106.58,M1
2026-08-20T05:26:50+10:00,20260820T052650-4938409a,Southbound,Toowong Village,Greenmount Beach,Thursday,2026-08-20,5,26,Australia/Brisbane,77.8,80.3,-2.6,-0.032,108.63,M1
2026-08-20T05:26:50+10:00,20260820T052650-4938409a,Northbound,Greenmount Beach,Toowong Village,Thursday,2026-08-20,5,26,Australia/Brisbane,100.1,83.8,16.3,0.194,120.82,M1
2026-08-20T05:50:55+10:00,20260820T055055-bba573b2,Southbound,Toowong Village,Greenmount Beach,Thursday,2026-08-20,5,50,Australia/Brisbane,81.3,80.3,1.0,0.013,108.63,M1
2026-08-20T05:50:55+10:00,20260820T055055-bba573b2,Northbound,Greenmount Beach,Toowong Village,Thursday,2026-08-20,5,50,Australia/Brisbane,106.1,79.7,26.4,0.331,108.76,M1
2026-08-20T06:29:11+10:00,20260820T062911-5ce3209f,Southbound,Toowong Village,Greenmount Beach,Thursday,2026-08-20,6,29,Australia/Brisbane,88.8,80.3,8.5,0.106,108.63,M1
2026-08-20T06:29:11+10:00,20260820T062911-5ce3209f,Northbound,Greenmount Beach,Toowong Village,Thursday,2026-08-20,6,29,Australia/Brisbane,112.5,79.7,32.8,0.411,108.76,M1
2026-08-20T06:56:48+10:00,20260820T065648-08dc6b93,Southbound,Toowong Village,Greenmount Beach,Thursday,2026-08-20,6,56,Australia/Brisbane,94.3,80.3,14.0,0.174,108.63,M1
2026-08-20T06:56:48+10:00,20260820T065648-08dc6b93,Northbound,Greenmount Beach,Toowong Village,Thursday,2026-08-20,6,56,Australia/Brisbane,110.3,79.7,30.6,0.385,108.76,M1
2026-08-20T07:30:34+10:00,20260820T073034-f0dd513f,Southbound,Toowong Village,Greenmount Beach,Thursday,2026-08-20,7,30,Australia/Brisbane,99.3,82.3,17.0,0.206,109.41,M1
2026-08-20T07:30:34+10:00,20260820T073034-f0dd513f,Northbound,Greenmount Beach,Toowong Village,Thursday,2026-08-20,7,30,Australia/Brisbane,107.5,79.7,27.8,0.348,108.76,M1
2026-08-20T08:00:58+10:00,20260820T080058-fc56aae2,Southbound,Toowong Village,Greenmount Beach,Thursday,2026-08-20,8,0,Australia/Brisbane,98.5,83.1,15.4,0.185,109.61,M1
2026-08-20T08:00:58+10:00,20260820T080058-fc56aae2,Northbound,Greenmount Beach,Toowong Village,Thursday,2026-08-20,8,0,Australia/Brisbane,101.3,79.7,21.6,0.271,108.76,M1
2026-08-20T08:41:46+10:00,20260820T084146-ebc56cf7,Southbound,Toowong Village,Greenmount Beach,Thursday,2026-08-20,8,41,Australia/Brisbane,93.9,81.0,12.9,0.16,108.85,M1
2026-08-20T08:41:46+10:00,20260820T084146-ebc56cf7,Northbound,Greenmount Beach,Toowong Village,Thursday,2026-08-20,8,41,Australia/Brisbane,91.2,79.7,11.5,0.144,108.76,M1
2026-08-20T09:02:01+10:00,20260820T090201-780a7890,Southbound,Toowong Village,Greenmount Beach,Thursday,2026-08-20,9,2,Australia/Brisbane,88.7,80.5,8.1,0.101,108.93,M1
2026-08-20T09:02:01+10:00,20260820T090201-780a7890,Northbound,Greenmount Beach,Toowong Village,Thursday,2026-08-20,9,2,Australia/Brisbane,88.1,79.7,8.4,0.105,108.76,M1
2026-08-20T09:36:37+10:00,20260820T093637-3b639dfb,Southbound,Toowong Village,Greenmount Beach,Thursday,2026-08-20,9,36,Australia/Brisbane,85.6,80.4,5.2,0.065,108.42,M1
2026-08-20T09:36:37+10:00,20260820T093637-3b639dfb,Northbound,Greenmount Beach,Toowong Village,Thursday,2026-08-20,9,36,Australia/Brisbane,87.0,79.7,7.3,0.091,108.76,M1
2026-08-20T09:58:52+10:00,20260820T095852-b8397217,Southbound,Toowong Village,Greenmount Beach,Thursday,2026-08-20,9,58,Australia/Brisbane,87.4,80.7,6.7,0.083,109.11,M1
2026-08-20T09:58:52+10:00,20260820T095852-b8397217,Northbound,Greenmount Beach,Toowong Village,Thursday,2026-08-20,9,58,Australia/Brisbane,86.2,79.7,6.5,0.081,108.76,M1
2026-08-20T11:44:53+10:00,20260820T114453-09ee1973,Southbound,Toowong Village,Greenmount Beach,Thursday,2026-08-20,11,44,Australia/Brisbane,83.1,80.6,2.5,0.031,108.73,M1
2026-08-20T11:44:53+10:00,20260820T114453-09ee1973,Northbound,Greenmount Beach,Toowong Village,Thursday,2026-08-20,11,44,Australia/Brisbane,81.8,79.7,2.1,0.026,108.76,M1
2026-08-20T12:43:41+10:00,20260820T124341-1b090f98,Southbound,Toowong Village,Greenmount Beach,Thursday,2026-08-20,12,43,Australia/Brisbane,82.9,80.5,2.3,0.029,108.93,M1
2026-08-20T12:43:41+10:00,20260820T124341-1b090f98,Northbound,Greenmount Beach,Toowong Village,Thursday,2026-08-20,12,43,Australia/Brisbane,81.2,79.8,1.4,0.018,108.91,M1
